,Member,Member Code,Year,Fund
0,"Afghanistan, Islamic Republic of",AFG,1986,0
1,"Afghanistan, Islamic Republic of",AFG,1987,0
2,"Afghanistan, Islamic Republic of",AFG,1988,0
3,"Afghanistan, Islamic Republic of",AFG,1989,0
4,"Afghanistan, Islamic Republic of",AFG,1990,0
5,"Afghanistan, Islamic Republic of",AFG,1991,0
6,"Afghanistan, Islamic Republic of",AFG,1992,0
7,"Afghanistan, Islamic Republic of",AFG,1993,0
8,"Afghanistan, Islamic Republic of",AFG,1994,0
9,"Afghanistan, Islamic Republic of",AFG,1995,0
10,"Afghanistan, Islamic Republic of",AFG,1996,0
11,"Afghanistan, Islamic Republic of",AFG,1997,0
12,"Afghanistan, Islamic Republic of",AFG,1998,0
13,"Afghanistan, Islamic Republic of",AFG,1999,0
14,"Afghanistan, Islamic Republic of",AFG,2000,0
15,"Afghanistan, Islamic Republic of",AFG,2001,0
16,"Afghanistan, Islamic Republic of",AFG,2002,0
17,"Afghanistan, Islamic Republic of",AFG,2003,0
18,"Afghanistan, Islamic Republic of",AFG,2004,0
19,"Afghanistan, Islamic Republic of",AFG,2005,0
20,"Afghanistan, Islamic Republic of",AFG,2006,0
21,"Afghanistan, Islamic Republic of",AFG,2007,1
22,"Afghanistan, Islamic Republic of",AFG,2008,1
23,"Afghanistan, Islamic Republic of",AFG,2009,1
24,"Afghanistan, Islamic Republic of",AFG,2010,1
25,"Afghanistan, Islamic Republic of",AFG,2011,1
26,"Afghanistan, Islamic Republic of",AFG,2012,1
27,"Afghanistan, Islamic Republic of",AFG,2013,0
28,"Afghanistan, Islamic Republic of",AFG,2014,0
29,"Afghanistan, Islamic Republic of",AFG,2015,0
30,"Afghanistan, Islamic Republic of",AFG,2016,1
31,"Afghanistan, Islamic Republic of",AFG,2017,1
32,"Afghanistan, Islamic Republic of",AFG,2018,1
33,"Afghanistan, Islamic Republic of",AFG,2019,1
34,"Afghanistan, Islamic Republic of",AFG,2020,1
35,"Afghanistan, Islamic Republic of",AFG,2020,1
36,"Afghanistan, Islamic Republic of",AFG,2021,1
37,"Afghanistan, Islamic Republic of",AFG,2022,0
38,Albania,ALB,1986,0
39,Albania,ALB,1987,0
40,Albania,ALB,1988,0
41,Albania,ALB,1989,0
42,Albania,ALB,1990,0
43,Albania,ALB,1991,0
44,Albania,ALB,1992,0
45,Albania,ALB,1993,1
46,Albania,ALB,1994,1
47,Albania,ALB,1995,1
48,Albania,ALB,1996,0
49,Albania,ALB,1997,0
50,Albania,ALB,1998,1
51,Albania,ALB,1999,1
52,Albania,ALB,2000,1
53,Albania,ALB,2001,1
54,Albania,ALB,2002,1
55,Albania,ALB,2003,1
56,Albania,ALB,2004,1
57,Albania,ALB,2005,1
58,Albania,ALB,2006,1
59,Albania,ALB,2007,1
60,Albania,ALB,2008,1
61,Albania,ALB,2009,1
62,Albania,ALB,2010,0
63,Albania,ALB,2011,0
64,Albania,ALB,2012,0
65,Albania,ALB,2013,0
66,Albania,ALB,2014,0
67,Albania,ALB,2015,0
68,Albania,ALB,2016,0
69,Albania,ALB,2017,0
70,Albania,ALB,2018,0
71,Albania,ALB,2019,0
72,Albania,ALB,2020,0
73,Albania,ALB,2021,0
74,Albania,ALB,2022,0
75,"Armenia, Republic of",ARM,1986,0
76,"Armenia, Republic of",ARM,1987,0
77,"Armenia, Republic of",ARM,1988,0
78,"Armenia, Republic of",ARM,1989,0
79,"Armenia, Republic of",ARM,1990,0
80,"Armenia, Republic of",ARM,1991,0
81,"Armenia, Republic of",ARM,1992,0
82,"Armenia, Republic of",ARM,1993,0
83,"Armenia, Republic of",ARM,1994,0
84,"Armenia, Republic of",ARM,1995,0
85,"Armenia, Republic of",ARM,1996,1
86,"Armenia, Republic of",ARM,1997,1
87,"Armenia, Republic of",ARM,1998,1
88,"Armenia, Republic of",ARM,1999,1
89,"Armenia, Republic of",ARM,2000,0
90,"Armenia, Republic of",ARM,2001,1
91,"Armenia, Republic of",ARM,2002,1
92,"Armenia, Republic of",ARM,2003,1
93,"Armenia, Republic of",ARM,2004,1
94,"Armenia, Republic of",ARM,2005,1
95,"Armenia, Republic of",ARM,2006,1
96,"Armenia, Republic of",ARM,2007,1
97,"Armenia, Republic of",ARM,2008,1
98,"Armenia, Republic of",ARM,2009,0
99,"Armenia, Republic of",ARM,2010,1
100,"Armenia, Republic of",ARM,2011,1
101,"Armenia, Republic of",ARM,2012,1
102,"Armenia, Republic of",ARM,2013,1
103,"Armenia, Republic of",ARM,2014,0
104,"Armenia, Republic of",ARM,2015,0
105,"Armenia, Republic of",ARM,2016,0
106,"Armenia, Republic of",ARM,2017,0
107,"Armenia, Republic of",ARM,2018,0
108,"Armenia, Republic of",ARM,2019,0
109,"Armenia, Republic of",ARM,2020,0
110,"Armenia, Republic of",ARM,2021,0
111,"Armenia, Republic of",ARM,2022,0
112,Azerbaijan,AZE,1986,0
113,Azerbaijan,AZE,1987,0
114,Azerbaijan,AZE,1988,0
115,Azerbaijan,AZE,1989,0
116,Azerbaijan,AZE,1990,0
117,Azerbaijan,AZE,1991,0
118,Azerbaijan,AZE,1992,0
119,Azerbaijan,AZE,1993,0
120,Azerbaijan,AZE,1994,0
121,Azerbaijan,AZE,1995,0
122,Azerbaijan,AZE,1996,0
123,Azerbaijan,AZE,1997,1
124,Azerbaijan,AZE,1998,1
125,Azerbaijan,AZE,1999,1
126,Azerbaijan,AZE,2000,0
127,Azerbaijan,AZE,2001,1
128,Azerbaijan,AZE,2002,1
129,Azerbaijan,AZE,2003,1
130,Azerbaijan,AZE,2004,0
131,Azerbaijan,AZE,2005,1
132,Azerbaijan,AZE,2006,0
133,Azerbaijan,AZE,2007,0
134,Azerbaijan,AZE,2008,0
135,Azerbaijan,AZE,2009,0
136,Azerbaijan,AZE,2010,0
137,Azerbaijan,AZE,2011,0
138,Azerbaijan,AZE,2012,0
139,Azerbaijan,AZE,2013,0
140,Azerbaijan,AZE,2014,0
141,Azerbaijan,AZE,2015,0
142,Azerbaijan,AZE,2016,0
143,Azerbaijan,AZE,2017,0
144,Azerbaijan,AZE,2018,0
145,Azerbaijan,AZE,2019,0
146,Azerbaijan,AZE,2020,0
147,Azerbaijan,AZE,2021,0
148,Azerbaijan,AZE,2022,0
149,Bangladesh,BGD,1986,0
150,Bangladesh,BGD,1987,1
151,Bangladesh,BGD,1988,1
152,Bangladesh,BGD,1989,1
153,Bangladesh,BGD,1990,1
154,Bangladesh,BGD,1991,1
155,Bangladesh,BGD,1992,1
156,Bangladesh,BGD,1993,1
157,Bangladesh,BGD,1994,0
158,Bangladesh,BGD,1995,0
159,Bangladesh,BGD,1996,0
160,Bangladesh,BGD,1997,0
161,Bangladesh,BGD,1998,0
162,Bangladesh,BGD,1999,0
163,Bangladesh,BGD,2000,0
164,Bangladesh,BGD,2001,0
165,Bangladesh,BGD,2002,0
166,Bangladesh,BGD,2003,1
167,Bangladesh,BGD,2004,1
168,Bangladesh,BGD,2005,1
169,Bangladesh,BGD,2006,1
170,Bangladesh,BGD,2007,0
171,Bangladesh,BGD,2008,0
172,Bangladesh,BGD,2009,0
173,Bangladesh,BGD,2010,0
174,Bangladesh,BGD,2011,0
175,Bangladesh,BGD,2012,1
176,Bangladesh,BGD,2013,1
177,Bangladesh,BGD,2014,1
178,Bangladesh,BGD,2015,1
179,Bangladesh,BGD,2016,0
180,Bangladesh,BGD,2017,0
181,Bangladesh,BGD,2018,0
182,Bangladesh,BGD,2019,0
183,Bangladesh,BGD,2020,1
184,Bangladesh,BGD,2021,0
185,Bangladesh,BGD,2022,0
186,Benin,BEN,1986,0
187,Benin,BEN,1987,0
188,Benin,BEN,1988,0
189,Benin,BEN,1989,1
190,Benin,BEN,1990,0
191,Benin,BEN,1991,1
192,Benin,BEN,1992,0
193,Benin,BEN,1993,1
194,Benin,BEN,1993,1
195,Benin,BEN,1994,1
196,Benin,BEN,1995,1
197,Benin,BEN,1996,1
198,Benin,BEN,1997,1
199,Benin,BEN,1998,0
200,Benin,BEN,1999,1
201,Benin,BEN,2000,1
202,Benin,BEN,2001,1
203,Benin,BEN,2002,1
204,Benin,BEN,2003,1
205,Benin,BEN,2004,1
206,Benin,BEN,2005,1
207,Benin,BEN,2006,1
208,Benin,BEN,2007,1
209,Benin,BEN,2008,1
210,Benin,BEN,2009,1
211,Benin,BEN,2010,1
212,Benin,BEN,2011,1
213,Benin,BEN,2012,1
214,Benin,BEN,2013,1
215,Benin,BEN,2014,1
216,Benin,BEN,2015,0
217,Benin,BEN,2016,0
218,Benin,BEN,2017,1
219,Benin,BEN,2018,1
220,Benin,BEN,2019,1
221,Benin,BEN,2020,1
222,Benin,BEN,2020,1
223,Benin,BEN,2021,0
224,Benin,BEN,2022,1
225,Bolivia,BOL,1986,1
226,Bolivia,BOL,1987,0
227,Bolivia,BOL,1988,1
228,Bolivia,BOL,1988,1
229,Bolivia,BOL,1989,1
230,Bolivia,BOL,1989,1
231,Bolivia,BOL,1990,1
232,Bolivia,BOL,1990,1
233,Bolivia,BOL,1991,1
234,Bolivia,BOL,1992,1
235,Bolivia,BOL,1993,0
236,Bolivia,BOL,1994,1
237,Bolivia,BOL,1995,1
238,Bolivia,BOL,1996,1
239,Bolivia,BOL,1997,1
240,Bolivia,BOL,1998,1
241,Bolivia,BOL,1999,1
242,Bolivia,BOL,2000,1
243,Bolivia,BOL,2001,1
244,Bolivia,BOL,2002,0
245,Bolivia,BOL,2003,0
246,Bolivia,BOL,2004,0
247,Bolivia,BOL,2005,0
248,Bolivia,BOL,2006,0
249,Bolivia,BOL,2007,0
250,Bolivia,BOL,2008,0
251,Bolivia,BOL,2009,0
252,Bolivia,BOL,2010,0
253,Bolivia,BOL,2011,0
254,Bolivia,BOL,2012,0
255,Bolivia,BOL,2013,0
256,Bolivia,BOL,2014,0
257,Bolivia,BOL,2015,0
258,Bolivia,BOL,2016,0
259,Bolivia,BOL,2017,0
260,Bolivia,BOL,2018,0
261,Bolivia,BOL,2019,0
262,Bolivia,BOL,2020,0
263,Bolivia,BOL,2021,0
264,Bolivia,BOL,2022,0
265,Burkina Faso,BFA,1986,0
266,Burkina Faso,BFA,1987,0
267,Burkina Faso,BFA,1988,0
268,Burkina Faso,BFA,1989,0
269,Burkina Faso,BFA,1990,0
270,Burkina Faso,BFA,1991,1
271,Burkina Faso,BFA,1992,0
272,Burkina Faso,BFA,1993,1
273,Burkina Faso,BFA,1993,1
274,Burkina Faso,BFA,1994,1
275,Burkina Faso,BFA,1994,1
276,Burkina Faso,BFA,1995,1
277,Burkina Faso,BFA,1995,1
278,Burkina Faso,BFA,1996,1
279,Burkina Faso,BFA,1997,1
280,Burkina Faso,BFA,1998,1
281,Burkina Faso,BFA,1999,1
282,Burkina Faso,BFA,2000,1
283,Burkina Faso,BFA,2001,1
284,Burkina Faso,BFA,2002,1
285,Burkina Faso,BFA,2003,1
286,Burkina Faso,BFA,2004,1
287,Burkina Faso,BFA,2005,1
288,Burkina Faso,BFA,2006,1
289,Burkina Faso,BFA,2007,1
290,Burkina Faso,BFA,2008,1
291,Burkina Faso,BFA,2009,1
292,Burkina Faso,BFA,2010,1
293,Burkina Faso,BFA,2011,1
294,Burkina Faso,BFA,2012,1
295,Burkina Faso,BFA,2013,1
296,Burkina Faso,BFA,2014,1
297,Burkina Faso,BFA,2015,1
298,Burkina Faso,BFA,2016,1
299,Burkina Faso,BFA,2017,1
300,Burkina Faso,BFA,2018,1
301,Burkina Faso,BFA,2019,1
302,Burkina Faso,BFA,2020,1
303,Burkina Faso,BFA,2020,1
304,Burkina Faso,BFA,2021,0
305,Burkina Faso,BFA,2022,0
306,Burundi,BDI,1986,1
307,Burundi,BDI,1987,0
308,Burundi,BDI,1988,1
309,Burundi,BDI,1989,1
310,Burundi,BDI,1990,0
311,Burundi,BDI,1991,1
312,Burundi,BDI,1992,1
313,Burundi,BDI,1993,0
314,Burundi,BDI,1994,0
315,Burundi,BDI,1995,0
316,Burundi,BDI,1996,0
317,Burundi,BDI,1997,0
318,Burundi,BDI,1998,0
319,Burundi,BDI,1999,0
320,Burundi,BDI,2000,0
321,Burundi,BDI,2001,0
322,Burundi,BDI,2002,0
323,Burundi,BDI,2003,0
324,Burundi,BDI,2004,1
325,Burundi,BDI,2005,1
326,Burundi,BDI,2006,1
327,Burundi,BDI,2007,1
328,Burundi,BDI,2008,1
329,Burundi,BDI,2009,1
330,Burundi,BDI,2010,1
331,Burundi,BDI,2011,1
332,Burundi,BDI,2012,1
333,Burundi,BDI,2013,1
334,Burundi,BDI,2014,1
335,Burundi,BDI,2015,1
336,Burundi,BDI,2016,0
337,Burundi,BDI,2017,0
338,Burundi,BDI,2018,0
339,Burundi,BDI,2019,0
340,Burundi,BDI,2020,0
341,Burundi,BDI,2021,1
342,Burundi,BDI,2022,0
343,Cabo Verde,CPV,1986,0
344,Cabo Verde,CPV,1987,0
345,Cabo Verde,CPV,1988,0
346,Cabo Verde,CPV,1989,0
347,Cabo Verde,CPV,1990,0
348,Cabo Verde,CPV,1991,0
349,Cabo Verde,CPV,1992,0
350,Cabo Verde,CPV,1993,0
351,Cabo Verde,CPV,1994,0
352,Cabo Verde,CPV,1995,0
353,Cabo Verde,CPV,1996,0
354,Cabo Verde,CPV,1997,0
355,Cabo Verde,CPV,1998,0
356,Cabo Verde,CPV,1999,0
357,Cabo Verde,CPV,2000,0
358,Cabo Verde,CPV,2001,0
359,Cabo Verde,CPV,2002,1
360,Cabo Verde,CPV,2003,1
361,Cabo Verde,CPV,2004,1
362,Cabo Verde,CPV,2005,1
363,Cabo Verde,CPV,2006,0
364,Cabo Verde,CPV,2007,0
365,Cabo Verde,CPV,2008,0
366,Cabo Verde,CPV,2009,0
367,Cabo Verde,CPV,2010,0
368,Cabo Verde,CPV,2011,0
369,Cabo Verde,CPV,2012,0
370,Cabo Verde,CPV,2013,0
371,Cabo Verde,CPV,2014,0
372,Cabo Verde,CPV,2015,0
373,Cabo Verde,CPV,2016,0
374,Cabo Verde,CPV,2017,0
375,Cabo Verde,CPV,2018,0
376,Cabo Verde,CPV,2019,0
377,Cabo Verde,CPV,2020,1
378,Cabo Verde,CPV,2021,0
379,Cabo Verde,CPV,2022,1
380,Cambodia,KHM,1986,0
381,Cambodia,KHM,1987,0
382,Cambodia,KHM,1988,0
383,Cambodia,KHM,1989,0
384,Cambodia,KHM,1990,0
385,Cambodia,KHM,1991,0
386,Cambodia,KHM,1992,0
387,Cambodia,KHM,1993,0
388,Cambodia,KHM,1994,1
389,Cambodia,KHM,1995,1
390,Cambodia,KHM,1996,0
391,Cambodia,KHM,1997,0
392,Cambodia,KHM,1998,0
393,Cambodia,KHM,1999,1
394,Cambodia,KHM,2000,1
395,Cambodia,KHM,2001,1
396,Cambodia,KHM,2002,1
397,Cambodia,KHM,2003,1
398,Cambodia,KHM,2004,0
399,Cambodia,KHM,2005,0
400,Cambodia,KHM,2006,0
401,Cambodia,KHM,2007,0
402,Cambodia,KHM,2008,0
403,Cambodia,KHM,2009,0
404,Cambodia,KHM,2010,0
405,Cambodia,KHM,2011,0
406,Cambodia,KHM,2012,0
407,Cambodia,KHM,2013,0
408,Cambodia,KHM,2014,0
409,Cambodia,KHM,2015,0
410,Cambodia,KHM,2016,0
411,Cambodia,KHM,2017,0
412,Cambodia,KHM,2018,0
413,Cambodia,KHM,2019,0
414,Cambodia,KHM,2020,0
415,Cambodia,KHM,2021,0
416,Cambodia,KHM,2022,0
417,Cameroon,CMR,1986,0
418,Cameroon,CMR,1987,0
419,Cameroon,CMR,1988,0
420,Cameroon,CMR,1989,0
421,Cameroon,CMR,1990,0
422,Cameroon,CMR,1991,0
423,Cameroon,CMR,1992,0
424,Cameroon,CMR,1993,0
425,Cameroon,CMR,1994,0
426,Cameroon,CMR,1995,0
427,Cameroon,CMR,1996,0
428,Cameroon,CMR,1997,1
429,Cameroon,CMR,1998,1
430,Cameroon,CMR,1999,1
431,Cameroon,CMR,2000,1
432,Cameroon,CMR,2001,1
433,Cameroon,CMR,2002,1
434,Cameroon,CMR,2003,1
435,Cameroon,CMR,2004,0
436,Cameroon,CMR,2005,1
437,Cameroon,CMR,2006,1
438,Cameroon,CMR,2007,1
439,Cameroon,CMR,2008,1
440,Cameroon,CMR,2009,1
441,Cameroon,CMR,2009,1
442,Cameroon,CMR,2010,0
443,Cameroon,CMR,2011,0
444,Cameroon,CMR,2012,0
445,Cameroon,CMR,2013,0
446,Cameroon,CMR,2014,0
447,Cameroon,CMR,2015,0
448,Cameroon,CMR,2016,0
449,Cameroon,CMR,2017,1
450,Cameroon,CMR,2018,1
451,Cameroon,CMR,2019,1
452,Cameroon,CMR,2020,1
453,Cameroon,CMR,2020,1
454,Cameroon,CMR,2021,1
455,Cameroon,CMR,2022,1
456,Central African Republic,CAF,1986,0
457,Central African Republic,CAF,1987,1
458,Central African Republic,CAF,1988,1
459,Central African Republic,CAF,1989,0
460,Central African Republic,CAF,1990,1
461,Central African Republic,CAF,1991,0
462,Central African Republic,CAF,1992,0
463,Central African Republic,CAF,1993,0
464,Central African Republic,CAF,1994,0
465,Central African Republic,CAF,1995,0
466,Central African Republic,CAF,1996,0
467,Central African Republic,CAF,1997,0
468,Central African Republic,CAF,1998,1
469,Central African Republic,CAF,1999,1
470,Central African Republic,CAF,2000,0
471,Central African Republic,CAF,2001,1
472,Central African Republic,CAF,2002,0
473,Central African Republic,CAF,2003,0
474,Central African Republic,CAF,2004,0
475,Central African Republic,CAF,2005,0
476,Central African Republic,CAF,2006,0
477,Central African Republic,CAF,2007,1
478,Central African Republic,CAF,2008,1
479,Central African Republic,CAF,2009,1
480,Central African Republic,CAF,2010,1
481,Central African Republic,CAF,2011,0
482,Central African Republic,CAF,2012,1
483,Central African Republic,CAF,2013,0
484,Central African Republic,CAF,2014,1
485,Central African Republic,CAF,2015,1
486,Central African Republic,CAF,2016,1
487,Central African Republic,CAF,2017,1
488,Central African Republic,CAF,2018,1
489,Central African Republic,CAF,2019,1
490,Central African Republic,CAF,2020,1
491,Central African Republic,CAF,2020,1
492,Central African Republic,CAF,2021,1
493,Central African Republic,CAF,2022,0
494,Chad,TCD,1986,0
495,Chad,TCD,1987,1
496,Chad,TCD,1988,0
497,Chad,TCD,1989,1
498,Chad,TCD,1990,1
499,Chad,TCD,1991,0
500,Chad,TCD,1992,0
501,Chad,TCD,1993,0
502,Chad,TCD,1994,0
503,Chad,TCD,1995,1
504,Chad,TCD,1996,1
505,Chad,TCD,1997,1
506,Chad,TCD,1998,1
507,Chad,TCD,1999,1
508,Chad,TCD,2000,1
509,Chad,TCD,2001,1
510,Chad,TCD,2002,1
511,Chad,TCD,2003,1
512,Chad,TCD,2004,0
513,Chad,TCD,2005,1
514,Chad,TCD,2006,0
515,Chad,TCD,2007,0
516,Chad,TCD,2008,0
517,Chad,TCD,2009,0
518,Chad,TCD,2010,0
519,Chad,TCD,2011,0
520,Chad,TCD,2012,0
521,Chad,TCD,2013,0
522,Chad,TCD,2014,1
523,Chad,TCD,2015,1
524,Chad,TCD,2016,1
525,Chad,TCD,2017,1
526,Chad,TCD,2018,1
527,Chad,TCD,2019,1
528,Chad,TCD,2020,1
529,Chad,TCD,2021,1
530,Chad,TCD,2022,0
531,Comoros,COM,1986,0
532,Comoros,COM,1987,0
533,Comoros,COM,1988,0
534,Comoros,COM,1989,0
535,Comoros,COM,1990,0
536,Comoros,COM,1991,1
537,Comoros,COM,1992,0
538,Comoros,COM,1993,0
539,Comoros,COM,1994,1
540,Comoros,COM,1995,0
541,Comoros,COM,1996,0
542,Comoros,COM,1997,0
543,Comoros,COM,1998,0
544,Comoros,COM,1999,0
545,Comoros,COM,2000,0
546,Comoros,COM,2001,0
547,Comoros,COM,2002,0
548,Comoros,COM,2003,0
549,Comoros,COM,2004,0
550,Comoros,COM,2005,0
551,Comoros,COM,2006,0
552,Comoros,COM,2007,0
553,Comoros,COM,2008,1
554,Comoros,COM,2009,1
555,Comoros,COM,2010,1
556,Comoros,COM,2011,1
557,Comoros,COM,2012,1
558,Comoros,COM,2013,1
559,Comoros,COM,2014,0
560,Comoros,COM,2015,0
561,Comoros,COM,2016,0
562,Comoros,COM,2017,0
563,Comoros,COM,2018,0
564,Comoros,COM,2019,1
565,Comoros,COM,2020,1
566,Comoros,COM,2021,0
567,Comoros,COM,2022,0
568,"Congo, Democratic Republic of",COD,1986,0
569,"Congo, Democratic Republic of",COD,1987,1
570,"Congo, Democratic Republic of",COD,1988,0
571,"Congo, Democratic Republic of",COD,1989,1
572,"Congo, Democratic Republic of",COD,1990,0
573,"Congo, Democratic Republic of",COD,1991,0
574,"Congo, Democratic Republic of",COD,1992,0
575,"Congo, Democratic Republic of",COD,1993,0
576,"Congo, Democratic Republic of",COD,1994,0
577,"Congo, Democratic Republic of",COD,1995,0
578,"Congo, Democratic Republic of",COD,1996,0
579,"Congo, Democratic Republic of",COD,1997,0
580,"Congo, Democratic Republic of",COD,1998,0
581,"Congo, Democratic Republic of",COD,1999,0
582,"Congo, Democratic Republic of",COD,2000,0
583,"Congo, Democratic Republic of",COD,2001,0
584,"Congo, Democratic Republic of",COD,2002,1
585,"Congo, Democratic Republic of",COD,2003,1
586,"Congo, Democratic Republic of",COD,2004,1
587,"Congo, Democratic Republic of",COD,2005,1
588,"Congo, Democratic Republic of",COD,2006,0
589,"Congo, Democratic Republic of",COD,2007,0
590,"Congo, Democratic Republic of",COD,2008,0
591,"Congo, Democratic Republic of",COD,2009,1
592,"Congo, Democratic Republic of",COD,2009,1
593,"Congo, Democratic Republic of",COD,2010,1
594,"Congo, Democratic Republic of",COD,2011,1
595,"Congo, Democratic Republic of",COD,2012,0
596,"Congo, Democratic Republic of",COD,2013,0
597,"Congo, Democratic Republic of",COD,2014,0
598,"Congo, Democratic Republic of",COD,2015,0
599,"Congo, Democratic Republic of",COD,2016,0
600,"Congo, Democratic Republic of",COD,2017,0
601,"Congo, Democratic Republic of",COD,2018,0
602,"Congo, Democratic Republic of",COD,2019,1
603,"Congo, Democratic Republic of",COD,2020,1
604,"Congo, Democratic Republic of",COD,2021,1
605,"Congo, Democratic Republic of",COD,2022,1
606,"Congo, Republic of",COG,1986,0
607,"Congo, Republic of",COG,1987,0
608,"Congo, Republic of",COG,1988,0
609,"Congo, Republic of",COG,1989,0
610,"Congo, Republic of",COG,1990,0
611,"Congo, Republic of",COG,1991,0
612,"Congo, Republic of",COG,1992,0
613,"Congo, Republic of",COG,1993,0
614,"Congo, Republic of",COG,1994,0
615,"Congo, Republic of",COG,1995,0
616,"Congo, Republic of",COG,1996,1
617,"Congo, Republic of",COG,1997,0
618,"Congo, Republic of",COG,1998,0
619,"Congo, Republic of",COG,1999,0
620,"Congo, Republic of",COG,2000,0
621,"Congo, Republic of",COG,2001,0
622,"Congo, Republic of",COG,2002,0
623,"Congo, Republic of",COG,2003,0
624,"Congo, Republic of",COG,2004,1
625,"Congo, Republic of",COG,2005,1
626,"Congo, Republic of",COG,2006,1
627,"Congo, Republic of",COG,2007,0
628,"Congo, Republic of",COG,2008,1
629,"Congo, Republic of",COG,2009,1
630,"Congo, Republic of",COG,2010,1
631,"Congo, Republic of",COG,2011,1
632,"Congo, Republic of",COG,2012,0
633,"Congo, Republic of",COG,2013,0
634,"Congo, Republic of",COG,2014,0
635,"Congo, Republic of",COG,2015,0
636,"Congo, Republic of",COG,2016,0
637,"Congo, Republic of",COG,2017,0
638,"Congo, Republic of",COG,2018,0
639,"Congo, Republic of",COG,2019,1
640,"Congo, Republic of",COG,2020,0
641,"Congo, Republic of",COG,2021,0
642,"Congo, Republic of",COG,2022,1
643,Cote d'Ivoire,CIV,1986,0
644,Cote d'Ivoire,CIV,1987,0
645,Cote d'Ivoire,CIV,1988,0
646,Cote d'Ivoire,CIV,1989,0
647,Cote d'Ivoire,CIV,1990,0
648,Cote d'Ivoire,CIV,1991,0
649,Cote d'Ivoire,CIV,1992,0
650,Cote d'Ivoire,CIV,1993,0
651,Cote d'Ivoire,CIV,1994,1
652,Cote d'Ivoire,CIV,1995,1
653,Cote d'Ivoire,CIV,1996,1
654,Cote d'Ivoire,CIV,1997,0
655,Cote d'Ivoire,CIV,1998,1
656,Cote d'Ivoire,CIV,1999,0
657,Cote d'Ivoire,CIV,2000,0
658,Cote d'Ivoire,CIV,2001,0
659,Cote d'Ivoire,CIV,2002,1
660,Cote d'Ivoire,CIV,2003,0
661,Cote d'Ivoire,CIV,2004,0
662,Cote d'Ivoire,CIV,2005,0
663,Cote d'Ivoire,CIV,2006,0
664,Cote d'Ivoire,CIV,2007,0
665,Cote d'Ivoire,CIV,2008,0
666,Cote d'Ivoire,CIV,2009,1
667,Cote d'Ivoire,CIV,2010,1
668,Cote d'Ivoire,CIV,2011,1
669,Cote d'Ivoire,CIV,2011,1
670,Cote d'Ivoire,CIV,2012,1
671,Cote d'Ivoire,CIV,2013,1
672,Cote d'Ivoire,CIV,2014,1
673,Cote d'Ivoire,CIV,2015,1
674,Cote d'Ivoire,CIV,2016,1
675,Cote d'Ivoire,CIV,2017,1
676,Cote d'Ivoire,CIV,2018,1
677,Cote d'Ivoire,CIV,2019,1
678,Cote d'Ivoire,CIV,2020,1
679,Cote d'Ivoire,CIV,2020,1
680,Cote d'Ivoire,CIV,2021,0
681,Cote d'Ivoire,CIV,2022,0
682,Djibouti,DJI,1986,0
683,Djibouti,DJI,1987,0
684,Djibouti,DJI,1988,0
685,Djibouti,DJI,1989,0
686,Djibouti,DJI,1990,0
687,Djibouti,DJI,1991,0
688,Djibouti,DJI,1992,0
689,Djibouti,DJI,1993,0
690,Djibouti,DJI,1994,0
691,Djibouti,DJI,1995,0
692,Djibouti,DJI,1996,0
693,Djibouti,DJI,1997,0
694,Djibouti,DJI,1998,0
695,Djibouti,DJI,1999,1
696,Djibouti,DJI,2000,1
697,Djibouti,DJI,2001,1
698,Djibouti,DJI,2002,1
699,Djibouti,DJI,2003,0
700,Djibouti,DJI,2004,0
701,Djibouti,DJI,2005,0
702,Djibouti,DJI,2006,0
703,Djibouti,DJI,2007,0
704,Djibouti,DJI,2008,1
705,Djibouti,DJI,2009,1
706,Djibouti,DJI,2010,0
707,Djibouti,DJI,2011,1
708,Djibouti,DJI,2012,1
709,Djibouti,DJI,2013,0
710,Djibouti,DJI,2014,0
711,Djibouti,DJI,2015,0
712,Djibouti,DJI,2016,0
713,Djibouti,DJI,2017,0
714,Djibouti,DJI,2018,0
715,Djibouti,DJI,2019,0
716,Djibouti,DJI,2020,1
717,Djibouti,DJI,2021,0
718,Djibouti,DJI,2022,0
719,Dominica,DMA,1986,1
720,Dominica,DMA,1987,1
721,Dominica,DMA,1988,1
722,Dominica,DMA,1989,1
723,Dominica,DMA,1990,0
724,Dominica,DMA,1991,0
725,Dominica,DMA,1992,0
726,Dominica,DMA,1993,0
727,Dominica,DMA,1994,0
728,Dominica,DMA,1995,0
729,Dominica,DMA,1996,0
730,Dominica,DMA,1997,0
731,Dominica,DMA,1998,0
732,Dominica,DMA,1999,0
733,Dominica,DMA,2000,0
734,Dominica,DMA,2001,0
735,Dominica,DMA,2002,0
736,Dominica,DMA,2003,1
737,Dominica,DMA,2004,1
738,Dominica,DMA,2005,1
739,Dominica,DMA,2006,1
740,Dominica,DMA,2007,0
741,Dominica,DMA,2008,0
742,Dominica,DMA,2009,1
743,Dominica,DMA,2010,0
744,Dominica,DMA,2011,0
745,Dominica,DMA,2012,1
746,Dominica,DMA,2013,0
747,Dominica,DMA,2014,0
748,Dominica,DMA,2015,1
749,Dominica,DMA,2016,0
750,Dominica,DMA,2017,0
751,Dominica,DMA,2018,0
752,Dominica,DMA,2019,0
753,Dominica,DMA,2020,1
754,Dominica,DMA,2021,0
755,Dominica,DMA,2022,0
756,Equatorial Guinea,GNQ,1986,0
757,Equatorial Guinea,GNQ,1987,0
758,Equatorial Guinea,GNQ,1988,1
759,Equatorial Guinea,GNQ,1989,0
760,Equatorial Guinea,GNQ,1990,0
761,Equatorial Guinea,GNQ,1991,1
762,Equatorial Guinea,GNQ,1992,0
763,Equatorial Guinea,GNQ,1993,1
764,Equatorial Guinea,GNQ,1993,1
765,Equatorial Guinea,GNQ,1994,1
766,Equatorial Guinea,GNQ,1994,1
767,Equatorial Guinea,GNQ,1995,0
768,Equatorial Guinea,GNQ,1996,0
769,Equatorial Guinea,GNQ,1997,0
770,Equatorial Guinea,GNQ,1998,0
771,Equatorial Guinea,GNQ,1999,0
772,Equatorial Guinea,GNQ,2000,0
773,Equatorial Guinea,GNQ,2001,0
774,Equatorial Guinea,GNQ,2002,0
775,Equatorial Guinea,GNQ,2003,0
776,Equatorial Guinea,GNQ,2004,0
777,Equatorial Guinea,GNQ,2005,0
778,Equatorial Guinea,GNQ,2006,0
779,Equatorial Guinea,GNQ,2007,0
780,Equatorial Guinea,GNQ,2008,0
781,Equatorial Guinea,GNQ,2009,0
782,Equatorial Guinea,GNQ,2010,0
783,Equatorial Guinea,GNQ,2011,0
784,Equatorial Guinea,GNQ,2012,0
785,Equatorial Guinea,GNQ,2013,0
786,Equatorial Guinea,GNQ,2014,0
787,Equatorial Guinea,GNQ,2015,0
788,Equatorial Guinea,GNQ,2016,0
789,Equatorial Guinea,GNQ,2017,0
790,Equatorial Guinea,GNQ,2018,0
791,Equatorial Guinea,GNQ,2019,0
792,Equatorial Guinea,GNQ,2020,0
793,Equatorial Guinea,GNQ,2021,0
794,Equatorial Guinea,GNQ,2022,0
795,Ethiopia,ETH,1986,0
796,Ethiopia,ETH,1987,0
797,Ethiopia,ETH,1988,0
798,Ethiopia,ETH,1989,0
799,Ethiopia,ETH,1990,0
800,Ethiopia,ETH,1991,0
801,Ethiopia,ETH,1992,1
802,Ethiopia,ETH,1993,1
803,Ethiopia,ETH,1994,1
804,Ethiopia,ETH,1995,0
805,Ethiopia,ETH,1996,1
806,Ethiopia,ETH,1997,0
807,Ethiopia,ETH,1998,1
808,Ethiopia,ETH,1999,0
809,Ethiopia,ETH,2000,0
810,Ethiopia,ETH,2001,1
811,Ethiopia,ETH,2002,1
812,Ethiopia,ETH,2003,1
813,Ethiopia,ETH,2004,1
814,Ethiopia,ETH,2005,0
815,Ethiopia,ETH,2006,0
816,Ethiopia,ETH,2007,0
817,Ethiopia,ETH,2008,0
818,Ethiopia,ETH,2009,1
819,Ethiopia,ETH,2009,1
820,Ethiopia,ETH,2010,1
821,Ethiopia,ETH,2011,0
822,Ethiopia,ETH,2012,0
823,Ethiopia,ETH,2013,0
824,Ethiopia,ETH,2014,0
825,Ethiopia,ETH,2015,0
826,Ethiopia,ETH,2016,0
827,Ethiopia,ETH,2017,0
828,Ethiopia,ETH,2018,0
829,Ethiopia,ETH,2019,0
830,Ethiopia,ETH,2020,1
831,Ethiopia,ETH,2021,0
832,Ethiopia,ETH,2022,0
833,"Gambia, The",GMB,1986,1
834,"Gambia, The",GMB,1987,1
835,"Gambia, The",GMB,1988,1
836,"Gambia, The",GMB,1988,1
837,"Gambia, The",GMB,1989,1
838,"Gambia, The",GMB,1989,1
839,"Gambia, The",GMB,1990,1
840,"Gambia, The",GMB,1991,1
841,"Gambia, The",GMB,1992,0
842,"Gambia, The",GMB,1993,0
843,"Gambia, The",GMB,1994,0
844,"Gambia, The",GMB,1995,0
845,"Gambia, The",GMB,1996,0
846,"Gambia, The",GMB,1997,0
847,"Gambia, The",GMB,1998,1
848,"Gambia, The",GMB,1999,1
849,"Gambia, The",GMB,2000,1
850,"Gambia, The",GMB,2001,1
851,"Gambia, The",GMB,2002,1
852,"Gambia, The",GMB,2003,0
853,"Gambia, The",GMB,2004,0
854,"Gambia, The",GMB,2005,0
855,"Gambia, The",GMB,2006,0
856,"Gambia, The",GMB,2007,1
857,"Gambia, The",GMB,2008,1
858,"Gambia, The",GMB,2009,1
859,"Gambia, The",GMB,2010,1
860,"Gambia, The",GMB,2011,1
861,"Gambia, The",GMB,2012,1
862,"Gambia, The",GMB,2013,1
863,"Gambia, The",GMB,2014,0
864,"Gambia, The",GMB,2015,1
865,"Gambia, The",GMB,2016,0
866,"Gambia, The",GMB,2017,1
867,"Gambia, The",GMB,2018,0
868,"Gambia, The",GMB,2019,0
869,"Gambia, The",GMB,2020,1
870,"Gambia, The",GMB,2020,1
871,"Gambia, The",GMB,2021,1
872,"Gambia, The",GMB,2022,1
873,Georgia,GEO,1986,0
874,Georgia,GEO,1987,0
875,Georgia,GEO,1988,0
876,Georgia,GEO,1989,0
877,Georgia,GEO,1990,0
878,Georgia,GEO,1991,0
879,Georgia,GEO,1992,0
880,Georgia,GEO,1993,0
881,Georgia,GEO,1994,0
882,Georgia,GEO,1995,0
883,Georgia,GEO,1996,1
884,Georgia,GEO,1997,1
885,Georgia,GEO,1998,1
886,Georgia,GEO,1999,1
887,Georgia,GEO,2000,0
888,Georgia,GEO,2001,1
889,Georgia,GEO,2002,1
890,Georgia,GEO,2003,0
891,Georgia,GEO,2004,1
892,Georgia,GEO,2005,1
893,Georgia,GEO,2006,1
894,Georgia,GEO,2007,1
895,Georgia,GEO,2008,0
896,Georgia,GEO,2009,0
897,Georgia,GEO,2010,0
898,Georgia,GEO,2011,0
899,Georgia,GEO,2012,0
900,Georgia,GEO,2013,0
901,Georgia,GEO,2014,0
902,Georgia,GEO,2015,0
903,Georgia,GEO,2016,0
904,Georgia,GEO,2017,0
905,Georgia,GEO,2018,0
906,Georgia,GEO,2019,0
907,Georgia,GEO,2020,0
908,Georgia,GEO,2021,0
909,Georgia,GEO,2022,0
910,Ghana,GHA,1986,0
911,Ghana,GHA,1987,1
912,Ghana,GHA,1988,1
913,Ghana,GHA,1988,1
914,Ghana,GHA,1989,1
915,Ghana,GHA,1989,1
916,Ghana,GHA,1990,1
917,Ghana,GHA,1990,1
918,Ghana,GHA,1991,1
919,Ghana,GHA,1992,0
920,Ghana,GHA,1993,0
921,Ghana,GHA,1994,0
922,Ghana,GHA,1995,1
923,Ghana,GHA,1996,1
924,Ghana,GHA,1997,0
925,Ghana,GHA,1998,1
926,Ghana,GHA,1999,1
927,Ghana,GHA,2000,1
928,Ghana,GHA,2001,1
929,Ghana,GHA,2002,1
930,Ghana,GHA,2003,1
931,Ghana,GHA,2004,1
932,Ghana,GHA,2005,1
933,Ghana,GHA,2006,1
934,Ghana,GHA,2007,0
935,Ghana,GHA,2008,0
936,Ghana,GHA,2009,1
937,Ghana,GHA,2010,1
938,Ghana,GHA,2011,1
939,Ghana,GHA,2012,1
940,Ghana,GHA,2013,0
941,Ghana,GHA,2014,0
942,Ghana,GHA,2015,1
943,Ghana,GHA,2016,1
944,Ghana,GHA,2017,1
945,Ghana,GHA,2018,1
946,Ghana,GHA,2019,1
947,Ghana,GHA,2020,1
948,Ghana,GHA,2021,0
949,Ghana,GHA,2022,0
950,Grenada,GRD,1986,0
951,Grenada,GRD,1987,0
952,Grenada,GRD,1988,0
953,Grenada,GRD,1989,0
954,Grenada,GRD,1990,0
955,Grenada,GRD,1991,0
956,Grenada,GRD,1992,0
957,Grenada,GRD,1993,0
958,Grenada,GRD,1994,0
959,Grenada,GRD,1995,0
960,Grenada,GRD,1996,0
961,Grenada,GRD,1997,0
962,Grenada,GRD,1998,0
963,Grenada,GRD,1999,0
964,Grenada,GRD,2000,0
965,Grenada,GRD,2001,0
966,Grenada,GRD,2002,0
967,Grenada,GRD,2003,0
968,Grenada,GRD,2004,0
969,Grenada,GRD,2005,0
970,Grenada,GRD,2006,1
971,Grenada,GRD,2007,0
972,Grenada,GRD,2008,1
973,Grenada,GRD,2009,1
974,Grenada,GRD,2010,1
975,Grenada,GRD,2011,0
976,Grenada,GRD,2012,0
977,Grenada,GRD,2013,0
978,Grenada,GRD,2014,1
979,Grenada,GRD,2015,1
980,Grenada,GRD,2016,1
981,Grenada,GRD,2017,1
982,Grenada,GRD,2018,0
983,Grenada,GRD,2019,0
984,Grenada,GRD,2020,1
985,Grenada,GRD,2021,0
986,Grenada,GRD,2022,0
987,Guinea,GIN,1986,0
988,Guinea,GIN,1987,1
989,Guinea,GIN,1988,0
990,Guinea,GIN,1989,1
991,Guinea,GIN,1990,0
992,Guinea,GIN,1991,1
993,Guinea,GIN,1992,1
994,Guinea,GIN,1993,0
995,Guinea,GIN,1994,1
996,Guinea,GIN,1995,1
997,Guinea,GIN,1996,0
998,Guinea,GIN,1997,1
999,Guinea,GIN,1998,1
1000,Guinea,GIN,1999,1
1001,Guinea,GIN,2000,0
1002,Guinea,GIN,2001,1
1003,Guinea,GIN,2002,1
1004,Guinea,GIN,2003,0
1005,Guinea,GIN,2004,0
1006,Guinea,GIN,2005,0
1007,Guinea,GIN,2006,0
1008,Guinea,GIN,2007,1
1009,Guinea,GIN,2008,1
1010,Guinea,GIN,2009,0
1011,Guinea,GIN,2010,0
1012,Guinea,GIN,2011,0
1013,Guinea,GIN,2012,1
1014,Guinea,GIN,2013,1
1015,Guinea,GIN,2014,1
1016,Guinea,GIN,2014,1
1017,Guinea,GIN,2015,1
1018,Guinea,GIN,2016,1
1019,Guinea,GIN,2017,1
1020,Guinea,GIN,2018,1
1021,Guinea,GIN,2019,1
1022,Guinea,GIN,2020,1
1023,Guinea,GIN,2020,1
1024,Guinea,GIN,2021,0
1025,Guinea,GIN,2022,0
1026,Guinea-Bissau,GNB,1986,0
1027,Guinea-Bissau,GNB,1987,1
1028,Guinea-Bissau,GNB,1988,0
1029,Guinea-Bissau,GNB,1989,1
1030,Guinea-Bissau,GNB,1990,0
1031,Guinea-Bissau,GNB,1991,0
1032,Guinea-Bissau,GNB,1992,0
1033,Guinea-Bissau,GNB,1993,0
1034,Guinea-Bissau,GNB,1994,0
1035,Guinea-Bissau,GNB,1995,1
1036,Guinea-Bissau,GNB,1996,1
1037,Guinea-Bissau,GNB,1997,1
1038,Guinea-Bissau,GNB,1998,1
1039,Guinea-Bissau,GNB,1999,0
1040,Guinea-Bissau,GNB,2000,1
1041,Guinea-Bissau,GNB,2001,0
1042,Guinea-Bissau,GNB,2002,0
1043,Guinea-Bissau,GNB,2003,0
1044,Guinea-Bissau,GNB,2004,0
1045,Guinea-Bissau,GNB,2005,0
1046,Guinea-Bissau,GNB,2006,0
1047,Guinea-Bissau,GNB,2007,0
1048,Guinea-Bissau,GNB,2008,0
1049,Guinea-Bissau,GNB,2009,0
1050,Guinea-Bissau,GNB,2010,1
1051,Guinea-Bissau,GNB,2011,1
1052,Guinea-Bissau,GNB,2012,0
1053,Guinea-Bissau,GNB,2013,0
1054,Guinea-Bissau,GNB,2014,1
1055,Guinea-Bissau,GNB,2015,1
1056,Guinea-Bissau,GNB,2016,1
1057,Guinea-Bissau,GNB,2017,1
1058,Guinea-Bissau,GNB,2018,1
1059,Guinea-Bissau,GNB,2019,0
1060,Guinea-Bissau,GNB,2020,0
1061,Guinea-Bissau,GNB,2021,1
1062,Guinea-Bissau,GNB,2022,0
1063,Guyana,GUY,1986,0
1064,Guyana,GUY,1987,0
1065,Guyana,GUY,1988,0
1066,Guyana,GUY,1989,0
1067,Guyana,GUY,1990,1
1068,Guyana,GUY,1990,1
1069,Guyana,GUY,1991,1
1070,Guyana,GUY,1991,1
1071,Guyana,GUY,1992,1
1072,Guyana,GUY,1992,1
1073,Guyana,GUY,1993,1
1074,Guyana,GUY,1993,1
1075,Guyana,GUY,1994,1
1076,Guyana,GUY,1995,1
1077,Guyana,GUY,1996,1
1078,Guyana,GUY,1997,1
1079,Guyana,GUY,1998,1
1080,Guyana,GUY,1999,1
1081,Guyana,GUY,2000,1
1082,Guyana,GUY,2001,0
1083,Guyana,GUY,2002,1
1084,Guyana,GUY,2003,1
1085,Guyana,GUY,2004,1
1086,Guyana,GUY,2005,1
1087,Guyana,GUY,2006,1
1088,Guyana,GUY,2007,0
1089,Guyana,GUY,2008,0
1090,Guyana,GUY,2009,0
1091,Guyana,GUY,2010,0
1092,Guyana,GUY,2011,0
1093,Guyana,GUY,2012,0
1094,Guyana,GUY,2013,0
1095,Guyana,GUY,2014,0
1096,Guyana,GUY,2015,0
1097,Guyana,GUY,2016,0
1098,Guyana,GUY,2017,0
1099,Guyana,GUY,2018,0
1100,Guyana,GUY,2019,0
1101,Guyana,GUY,2020,0
1102,Guyana,GUY,2021,0
1103,Guyana,GUY,2022,0
1104,Haiti,HTI,1986,1
1105,Haiti,HTI,1987,0
1106,Haiti,HTI,1988,0
1107,Haiti,HTI,1989,0
1108,Haiti,HTI,1990,0
1109,Haiti,HTI,1991,0
1110,Haiti,HTI,1992,0
1111,Haiti,HTI,1993,0
1112,Haiti,HTI,1994,0
1113,Haiti,HTI,1995,0
1114,Haiti,HTI,1996,1
1115,Haiti,HTI,1997,0
1116,Haiti,HTI,1998,0
1117,Haiti,HTI,1999,0
1118,Haiti,HTI,2000,0
1119,Haiti,HTI,2001,0
1120,Haiti,HTI,2002,0
1121,Haiti,HTI,2003,0
1122,Haiti,HTI,2004,0
1123,Haiti,HTI,2005,0
1124,Haiti,HTI,2006,1
1125,Haiti,HTI,2007,1
1126,Haiti,HTI,2008,1
1127,Haiti,HTI,2009,1
1128,Haiti,HTI,2010,1
1129,Haiti,HTI,2011,1
1130,Haiti,HTI,2012,1
1131,Haiti,HTI,2013,1
1132,Haiti,HTI,2014,1
1133,Haiti,HTI,2015,1
1134,Haiti,HTI,2016,1
1135,Haiti,HTI,2017,0
1136,Haiti,HTI,2018,0
1137,Haiti,HTI,2019,0
1138,Haiti,HTI,2020,1
1139,Haiti,HTI,2021,0
1140,Haiti,HTI,2022,0
1141,Honduras,HND,1986,0
1142,Honduras,HND,1987,0
1143,Honduras,HND,1988,0
1144,Honduras,HND,1989,0
1145,Honduras,HND,1990,0
1146,Honduras,HND,1991,0
1147,Honduras,HND,1992,1
1148,Honduras,HND,1993,1
1149,Honduras,HND,1994,0
1150,Honduras,HND,1995,1
1151,Honduras,HND,1996,0
1152,Honduras,HND,1997,0
1153,Honduras,HND,1998,0
1154,Honduras,HND,1999,1
1155,Honduras,HND,2000,1
1156,Honduras,HND,2001,1
1157,Honduras,HND,2002,0
1158,Honduras,HND,2003,0
1159,Honduras,HND,2004,1
1160,Honduras,HND,2005,1
1161,Honduras,HND,2006,1
1162,Honduras,HND,2007,0
1163,Honduras,HND,2008,0
1164,Honduras,HND,2009,0
1165,Honduras,HND,2010,0
1166,Honduras,HND,2011,0
1167,Honduras,HND,2012,0
1168,Honduras,HND,2013,0
1169,Honduras,HND,2014,0
1170,Honduras,HND,2015,0
1171,Honduras,HND,2016,0
1172,Honduras,HND,2017,0
1173,Honduras,HND,2018,0
1174,Honduras,HND,2019,0
1175,Honduras,HND,2020,1
1176,Honduras,HND,2021,1
1177,Honduras,HND,2022,0
1178,Kenya,KEN,1986,0
1179,Kenya,KEN,1987,0
1180,Kenya,KEN,1988,1
1181,Kenya,KEN,1989,1
1182,Kenya,KEN,1989,1
1183,Kenya,KEN,1990,1
1184,Kenya,KEN,1990,1
1185,Kenya,KEN,1991,1
1186,Kenya,KEN,1992,0
1187,Kenya,KEN,1993,1
1188,Kenya,KEN,1994,1
1189,Kenya,KEN,1995,0
1190,Kenya,KEN,1996,1
1191,Kenya,KEN,1997,0
1192,Kenya,KEN,1998,0
1193,Kenya,KEN,1999,0
1194,Kenya,KEN,2000,1
1195,Kenya,KEN,2001,0
1196,Kenya,KEN,2002,0
1197,Kenya,KEN,2003,1
1198,Kenya,KEN,2004,0
1199,Kenya,KEN,2005,1
1200,Kenya,KEN,2006,0
1201,Kenya,KEN,2007,1
1202,Kenya,KEN,2008,0
1203,Kenya,KEN,2009,1
1204,Kenya,KEN,2010,0
1205,Kenya,KEN,2011,1
1206,Kenya,KEN,2012,1
1207,Kenya,KEN,2013,1
1208,Kenya,KEN,2014,0
1209,Kenya,KEN,2015,0
1210,Kenya,KEN,2016,0
1211,Kenya,KEN,2017,0
1212,Kenya,KEN,2018,0
1213,Kenya,KEN,2019,0
1214,Kenya,KEN,2020,1
1215,Kenya,KEN,2021,1
1216,Kenya,KEN,2022,1
1217,Kyrgyz Republic,KGZ,1986,0
1218,Kyrgyz Republic,KGZ,1987,0
1219,Kyrgyz Republic,KGZ,1988,0
1220,Kyrgyz Republic,KGZ,1989,0
1221,Kyrgyz Republic,KGZ,1990,0
1222,Kyrgyz Republic,KGZ,1991,0
1223,Kyrgyz Republic,KGZ,1992,0
1224,Kyrgyz Republic,KGZ,1993,0
1225,Kyrgyz Republic,KGZ,1994,1
1226,Kyrgyz Republic,KGZ,1995,1
1227,Kyrgyz Republic,KGZ,1996,1
1228,Kyrgyz Republic,KGZ,1997,1
1229,Kyrgyz Republic,KGZ,1998,1
1230,Kyrgyz Republic,KGZ,1999,1
1231,Kyrgyz Republic,KGZ,2000,1
1232,Kyrgyz Republic,KGZ,2001,1
1233,Kyrgyz Republic,KGZ,2002,1
1234,Kyrgyz Republic,KGZ,2003,1
1235,Kyrgyz Republic,KGZ,2004,1
1236,Kyrgyz Republic,KGZ,2005,1
1237,Kyrgyz Republic,KGZ,2006,1
1238,Kyrgyz Republic,KGZ,2007,1
1239,Kyrgyz Republic,KGZ,2008,1
1240,Kyrgyz Republic,KGZ,2008,1
1241,Kyrgyz Republic,KGZ,2009,1
1242,Kyrgyz Republic,KGZ,2010,1
1243,Kyrgyz Republic,KGZ,2011,1
1244,Kyrgyz Republic,KGZ,2012,1
1245,Kyrgyz Republic,KGZ,2013,1
1246,Kyrgyz Republic,KGZ,2014,1
1247,Kyrgyz Republic,KGZ,2015,1
1248,Kyrgyz Republic,KGZ,2016,1
1249,Kyrgyz Republic,KGZ,2017,1
1250,Kyrgyz Republic,KGZ,2018,0
1251,Kyrgyz Republic,KGZ,2019,0
1252,Kyrgyz Republic,KGZ,2020,1
1253,Kyrgyz Republic,KGZ,2021,0
1254,Kyrgyz Republic,KGZ,2022,0
1255,Lao People's Democratic Republic,LAO,1986,0
1256,Lao People's Democratic Republic,LAO,1987,0
1257,Lao People's Democratic Republic,LAO,1988,0
1258,Lao People's Democratic Republic,LAO,1989,1
1259,Lao People's Democratic Republic,LAO,1990,0
1260,Lao People's Democratic Republic,LAO,1991,1
1261,Lao People's Democratic Republic,LAO,1992,1
1262,Lao People's Democratic Republic,LAO,1993,1
1263,Lao People's Democratic Republic,LAO,1994,1
1264,Lao People's Democratic Republic,LAO,1995,1
1265,Lao People's Democratic Republic,LAO,1996,1
1266,Lao People's Democratic Republic,LAO,1997,1
1267,Lao People's Democratic Republic,LAO,1998,0
1268,Lao People's Democratic Republic,LAO,1999,0
1269,Lao People's Democratic Republic,LAO,2000,0
1270,Lao People's Democratic Republic,LAO,2001,1
1271,Lao People's Democratic Republic,LAO,2002,1
1272,Lao People's Democratic Republic,LAO,2003,1
1273,Lao People's Democratic Republic,LAO,2004,0
1274,Lao People's Democratic Republic,LAO,2005,0
1275,Lao People's Democratic Republic,LAO,2006,0
1276,Lao People's Democratic Republic,LAO,2007,0
1277,Lao People's Democratic Republic,LAO,2008,0
1278,Lao People's Democratic Republic,LAO,2009,0
1279,Lao People's Democratic Republic,LAO,2010,0
1280,Lao People's Democratic Republic,LAO,2011,0
1281,Lao People's Democratic Republic,LAO,2012,0
1282,Lao People's Democratic Republic,LAO,2013,0
1283,Lao People's Democratic Republic,LAO,2014,0
1284,Lao People's Democratic Republic,LAO,2015,0
1285,Lao People's Democratic Republic,LAO,2016,0
1286,Lao People's Democratic Republic,LAO,2017,0
1287,Lao People's Democratic Republic,LAO,2018,0
1288,Lao People's Democratic Republic,LAO,2019,0
1289,Lao People's Democratic Republic,LAO,2020,0
1290,Lao People's Democratic Republic,LAO,2021,0
1291,Lao People's Democratic Republic,LAO,2022,0
1292,Lesotho,LSO,1986,0
1293,Lesotho,LSO,1987,0
1294,Lesotho,LSO,1988,1
1295,Lesotho,LSO,1989,1
1296,Lesotho,LSO,1990,1
1297,Lesotho,LSO,1991,1
1298,Lesotho,LSO,1992,1
1299,Lesotho,LSO,1993,1
1300,Lesotho,LSO,1994,1
1301,Lesotho,LSO,1995,0
1302,Lesotho,LSO,1996,0
1303,Lesotho,LSO,1997,0
1304,Lesotho,LSO,1998,0
1305,Lesotho,LSO,1999,0
1306,Lesotho,LSO,2000,0
1307,Lesotho,LSO,2001,1
1308,Lesotho,LSO,2002,1
1309,Lesotho,LSO,2003,1
1310,Lesotho,LSO,2004,1
1311,Lesotho,LSO,2005,0
1312,Lesotho,LSO,2006,0
1313,Lesotho,LSO,2007,0
1314,Lesotho,LSO,2008,0
1315,Lesotho,LSO,2009,0
1316,Lesotho,LSO,2010,1
1317,Lesotho,LSO,2011,1
1318,Lesotho,LSO,2012,1
1319,Lesotho,LSO,2013,1
1320,Lesotho,LSO,2014,0
1321,Lesotho,LSO,2015,0
1322,Lesotho,LSO,2016,0
1323,Lesotho,LSO,2017,0
1324,Lesotho,LSO,2018,0
1325,Lesotho,LSO,2019,0
1326,Lesotho,LSO,2020,1
1327,Lesotho,LSO,2021,0
1328,Lesotho,LSO,2022,0
1329,Liberia,LBR,1986,0
1330,Liberia,LBR,1987,0
1331,Liberia,LBR,1988,0
1332,Liberia,LBR,1989,0
1333,Liberia,LBR,1990,0
1334,Liberia,LBR,1991,0
1335,Liberia,LBR,1992,0
1336,Liberia,LBR,1993,0
1337,Liberia,LBR,1994,0
1338,Liberia,LBR,1995,0
1339,Liberia,LBR,1996,0
1340,Liberia,LBR,1997,0
1341,Liberia,LBR,1998,0
1342,Liberia,LBR,1999,0
1343,Liberia,LBR,2000,0
1344,Liberia,LBR,2001,0
1345,Liberia,LBR,2002,0
1346,Liberia,LBR,2003,0
1347,Liberia,LBR,2004,0
1348,Liberia,LBR,2005,0
1349,Liberia,LBR,2006,0
1350,Liberia,LBR,2007,0
1351,Liberia,LBR,2008,1
1352,Liberia,LBR,2009,1
1353,Liberia,LBR,2010,1
1354,Liberia,LBR,2011,1
1355,Liberia,LBR,2012,1
1356,Liberia,LBR,2013,1
1357,Liberia,LBR,2014,1
1358,Liberia,LBR,2015,1
1359,Liberia,LBR,2015,1
1360,Liberia,LBR,2016,1
1361,Liberia,LBR,2017,1
1362,Liberia,LBR,2018,0
1363,Liberia,LBR,2019,1
1364,Liberia,LBR,2020,1
1365,Liberia,LBR,2020,1
1366,Liberia,LBR,2021,1
1367,Liberia,LBR,2022,1
1368,Madagascar,MDG,1986,0
1369,Madagascar,MDG,1987,1
1370,Madagascar,MDG,1988,0
1371,Madagascar,MDG,1989,1
1372,Madagascar,MDG,1989,1
1373,Madagascar,MDG,1990,1
1374,Madagascar,MDG,1990,1
1375,Madagascar,MDG,1991,1
1376,Madagascar,MDG,1991,1
1377,Madagascar,MDG,1992,0
1378,Madagascar,MDG,1993,0
1379,Madagascar,MDG,1994,0
1380,Madagascar,MDG,1995,0
1381,Madagascar,MDG,1996,1
1382,Madagascar,MDG,1997,1
1383,Madagascar,MDG,1998,0
1384,Madagascar,MDG,1999,1
1385,Madagascar,MDG,2000,1
1386,Madagascar,MDG,2001,1
1387,Madagascar,MDG,2002,1
1388,Madagascar,MDG,2003,1
1389,Madagascar,MDG,2004,1
1390,Madagascar,MDG,2005,1
1391,Madagascar,MDG,2006,1
1392,Madagascar,MDG,2007,1
1393,Madagascar,MDG,2008,1
1394,Madagascar,MDG,2009,0
1395,Madagascar,MDG,2010,0
1396,Madagascar,MDG,2011,0
1397,Madagascar,MDG,2012,0
1398,Madagascar,MDG,2013,0
1399,Madagascar,MDG,2014,1
1400,Madagascar,MDG,2015,1
1401,Madagascar,MDG,2016,1
1402,Madagascar,MDG,2017,1
1403,Madagascar,MDG,2018,1
1404,Madagascar,MDG,2019,1
1405,Madagascar,MDG,2020,1
1406,Madagascar,MDG,2020,1
1407,Madagascar,MDG,2021,1
1408,Madagascar,MDG,2022,1
1409,Malawi,MWI,1986,0
1410,Malawi,MWI,1987,0
1411,Malawi,MWI,1988,1
1412,Malawi,MWI,1988,1
1413,Malawi,MWI,1989,1
1414,Malawi,MWI,1989,1
1415,Malawi,MWI,1990,1
1416,Malawi,MWI,1990,1
1417,Malawi,MWI,1991,1
1418,Malawi,MWI,1991,1
1419,Malawi,MWI,1992,0
1420,Malawi,MWI,1993,0
1421,Malawi,MWI,1994,1
1422,Malawi,MWI,1995,1
1423,Malawi,MWI,1996,1
1424,Malawi,MWI,1997,1
1425,Malawi,MWI,1998,1
1426,Malawi,MWI,1999,1
1427,Malawi,MWI,2000,1
1428,Malawi,MWI,2001,0
1429,Malawi,MWI,2002,0
1430,Malawi,MWI,2003,1
1431,Malawi,MWI,2004,0
1432,Malawi,MWI,2005,1
1433,Malawi,MWI,2006,1
1434,Malawi,MWI,2007,1
1435,Malawi,MWI,2008,1
1436,Malawi,MWI,2008,1
1437,Malawi,MWI,2009,0
1438,Malawi,MWI,2010,1
1439,Malawi,MWI,2011,0
1440,Malawi,MWI,2012,1
1441,Malawi,MWI,2013,1
1442,Malawi,MWI,2014,1
1443,Malawi,MWI,2015,1
1444,Malawi,MWI,2016,1
1445,Malawi,MWI,2017,1
1446,Malawi,MWI,2018,1
1447,Malawi,MWI,2019,1
1448,Malawi,MWI,2020,1
1449,Malawi,MWI,2021,0
1450,Malawi,MWI,2022,0
1451,Maldives,MDV,1986,0
1452,Maldives,MDV,1987,0
1453,Maldives,MDV,1988,0
1454,Maldives,MDV,1989,0
1455,Maldives,MDV,1990,0
1456,Maldives,MDV,1991,0
1457,Maldives,MDV,1992,0
1458,Maldives,MDV,1993,0
1459,Maldives,MDV,1994,0
1460,Maldives,MDV,1995,0
1461,Maldives,MDV,1996,0
1462,Maldives,MDV,1997,0
1463,Maldives,MDV,1998,0
1464,Maldives,MDV,1999,0
1465,Maldives,MDV,2000,0
1466,Maldives,MDV,2001,0
1467,Maldives,MDV,2002,0
1468,Maldives,MDV,2003,0
1469,Maldives,MDV,2004,0
1470,Maldives,MDV,2005,0
1471,Maldives,MDV,2006,0
1472,Maldives,MDV,2007,0
1473,Maldives,MDV,2008,0
1474,Maldives,MDV,2009,1
1475,Maldives,MDV,2010,1
1476,Maldives,MDV,2011,0
1477,Maldives,MDV,2012,0
1478,Maldives,MDV,2013,0
1479,Maldives,MDV,2014,0
1480,Maldives,MDV,2015,0
1481,Maldives,MDV,2016,0
1482,Maldives,MDV,2017,0
1483,Maldives,MDV,2018,0
1484,Maldives,MDV,2019,0
1485,Maldives,MDV,2020,1
1486,Maldives,MDV,2021,0
1487,Maldives,MDV,2022,0
1488,Mali,MLI,1986,0
1489,Mali,MLI,1987,0
1490,Mali,MLI,1988,1
1491,Mali,MLI,1989,0
1492,Mali,MLI,1990,1
1493,Mali,MLI,1991,0
1494,Mali,MLI,1992,1
1495,Mali,MLI,1992,1
1496,Mali,MLI,1993,1
1497,Mali,MLI,1993,1
1498,Mali,MLI,1994,1
1499,Mali,MLI,1995,1
1500,Mali,MLI,1996,1
1501,Mali,MLI,1997,1
1502,Mali,MLI,1998,1
1503,Mali,MLI,1999,1
1504,Mali,MLI,2000,1
1505,Mali,MLI,2001,1
1506,Mali,MLI,2002,1
1507,Mali,MLI,2003,1
1508,Mali,MLI,2004,1
1509,Mali,MLI,2005,1
1510,Mali,MLI,2006,1
1511,Mali,MLI,2007,1
1512,Mali,MLI,2008,1
1513,Mali,MLI,2009,1
1514,Mali,MLI,2010,1
1515,Mali,MLI,2011,1
1516,Mali,MLI,2012,1
1517,Mali,MLI,2013,1
1518,Mali,MLI,2013,1
1519,Mali,MLI,2014,1
1520,Mali,MLI,2015,1
1521,Mali,MLI,2016,1
1522,Mali,MLI,2017,1
1523,Mali,MLI,2018,1
1524,Mali,MLI,2019,1
1525,Mali,MLI,2020,1
1526,Mali,MLI,2020,1
1527,Mali,MLI,2021,1
1528,Mali,MLI,2022,0
1529,Mauritania,MRT,1986,1
1530,Mauritania,MRT,1987,1
1531,Mauritania,MRT,1988,0
1532,Mauritania,MRT,1989,1
1533,Mauritania,MRT,1989,1
1534,Mauritania,MRT,1990,1
1535,Mauritania,MRT,1991,0
1536,Mauritania,MRT,1992,1
1537,Mauritania,MRT,1992,1
1538,Mauritania,MRT,1993,1
1539,Mauritania,MRT,1994,1
1540,Mauritania,MRT,1995,1
1541,Mauritania,MRT,1996,1
1542,Mauritania,MRT,1997,1
1543,Mauritania,MRT,1998,0
1544,Mauritania,MRT,1999,1
1545,Mauritania,MRT,2000,1
1546,Mauritania,MRT,2001,1
1547,Mauritania,MRT,2002,1
1548,Mauritania,MRT,2003,1
1549,Mauritania,MRT,2004,0
1550,Mauritania,MRT,2005,0
1551,Mauritania,MRT,2006,0
1552,Mauritania,MRT,2007,1
1553,Mauritania,MRT,2008,1
1554,Mauritania,MRT,2009,0
1555,Mauritania,MRT,2010,1
1556,Mauritania,MRT,2011,1
1557,Mauritania,MRT,2012,1
1558,Mauritania,MRT,2013,1
1559,Mauritania,MRT,2014,0
1560,Mauritania,MRT,2015,0
1561,Mauritania,MRT,2016,0
1562,Mauritania,MRT,2017,1
1563,Mauritania,MRT,2018,1
1564,Mauritania,MRT,2019,1
1565,Mauritania,MRT,2020,1
1566,Mauritania,MRT,2020,1
1567,Mauritania,MRT,2021,1
1568,Mauritania,MRT,2022,0
1569,"Moldova, Republic of",MDA,1986,0
1570,"Moldova, Republic of",MDA,1987,0
1571,"Moldova, Republic of",MDA,1988,0
1572,"Moldova, Republic of",MDA,1989,0
1573,"Moldova, Republic of",MDA,1990,0
1574,"Moldova, Republic of",MDA,1991,0
1575,"Moldova, Republic of",MDA,1992,0
1576,"Moldova, Republic of",MDA,1993,0
1577,"Moldova, Republic of",MDA,1994,0
1578,"Moldova, Republic of",MDA,1995,0
1579,"Moldova, Republic of",MDA,1996,0
1580,"Moldova, Republic of",MDA,1997,0
1581,"Moldova, Republic of",MDA,1998,0
1582,"Moldova, Republic of",MDA,1999,0
1583,"Moldova, Republic of",MDA,2000,1
1584,"Moldova, Republic of",MDA,2001,1
1585,"Moldova, Republic of",MDA,2002,1
1586,"Moldova, Republic of",MDA,2003,0
1587,"Moldova, Republic of",MDA,2004,0
1588,"Moldova, Republic of",MDA,2005,0
1589,"Moldova, Republic of",MDA,2006,1
1590,"Moldova, Republic of",MDA,2007,1
1591,"Moldova, Republic of",MDA,2008,1
1592,"Moldova, Republic of",MDA,2009,0
1593,"Moldova, Republic of",MDA,2010,1
1594,"Moldova, Republic of",MDA,2011,1
1595,"Moldova, Republic of",MDA,2012,1
1596,"Moldova, Republic of",MDA,2013,0
1597,"Moldova, Republic of",MDA,2014,0
1598,"Moldova, Republic of",MDA,2015,0
1599,"Moldova, Republic of",MDA,2016,1
1600,"Moldova, Republic of",MDA,2017,1
1601,"Moldova, Republic of",MDA,2018,1
1602,"Moldova, Republic of",MDA,2019,1
1603,"Moldova, Republic of",MDA,2020,1
1604,"Moldova, Republic of",MDA,2020,1
1605,"Moldova, Republic of",MDA,2021,1
1606,"Moldova, Republic of",MDA,2022,1
1607,Mongolia,MNG,1986,0
1608,Mongolia,MNG,1987,0
1609,Mongolia,MNG,1988,0
1610,Mongolia,MNG,1989,0
1611,Mongolia,MNG,1990,0
1612,Mongolia,MNG,1991,0
1613,Mongolia,MNG,1992,0
1614,Mongolia,MNG,1993,1
1615,Mongolia,MNG,1994,1
1616,Mongolia,MNG,1995,0
1617,Mongolia,MNG,1996,1
1618,Mongolia,MNG,1997,1
1619,Mongolia,MNG,1998,0
1620,Mongolia,MNG,1999,1
1621,Mongolia,MNG,2000,1
1622,Mongolia,MNG,2001,1
1623,Mongolia,MNG,2002,0
1624,Mongolia,MNG,2003,1
1625,Mongolia,MNG,2004,0
1626,Mongolia,MNG,2005,0
1627,Mongolia,MNG,2006,0
1628,Mongolia,MNG,2007,0
1629,Mongolia,MNG,2008,0
1630,Mongolia,MNG,2009,0
1631,Mongolia,MNG,2010,0
1632,Mongolia,MNG,2011,0
1633,Mongolia,MNG,2012,0
1634,Mongolia,MNG,2013,0
1635,Mongolia,MNG,2014,0
1636,Mongolia,MNG,2015,0
1637,Mongolia,MNG,2016,0
1638,Mongolia,MNG,2017,0
1639,Mongolia,MNG,2018,0
1640,Mongolia,MNG,2019,0
1641,Mongolia,MNG,2020,0
1642,Mongolia,MNG,2021,0
1643,Mongolia,MNG,2022,0
1644,Mozambique,MOZ,1986,0
1645,Mozambique,MOZ,1987,1
1646,Mozambique,MOZ,1988,1
1647,Mozambique,MOZ,1989,1
1648,Mozambique,MOZ,1990,1
1649,Mozambique,MOZ,1991,1
1650,Mozambique,MOZ,1992,1
1651,Mozambique,MOZ,1993,1
1652,Mozambique,MOZ,1994,1
1653,Mozambique,MOZ,1995,0
1654,Mozambique,MOZ,1996,1
1655,Mozambique,MOZ,1997,1
1656,Mozambique,MOZ,1998,1
1657,Mozambique,MOZ,1999,1
1658,Mozambique,MOZ,2000,1
1659,Mozambique,MOZ,2001,1
1660,Mozambique,MOZ,2002,1
1661,Mozambique,MOZ,2003,1
1662,Mozambique,MOZ,2004,1
1663,Mozambique,MOZ,2005,1
1664,Mozambique,MOZ,2006,1
1665,Mozambique,MOZ,2007,1
1666,Mozambique,MOZ,2008,0
1667,Mozambique,MOZ,2009,1
1668,Mozambique,MOZ,2010,1
1669,Mozambique,MOZ,2011,0
1670,Mozambique,MOZ,2012,0
1671,Mozambique,MOZ,2013,0
1672,Mozambique,MOZ,2014,0
1673,Mozambique,MOZ,2015,1
1674,Mozambique,MOZ,2016,0
1675,Mozambique,MOZ,2017,0
1676,Mozambique,MOZ,2018,0
1677,Mozambique,MOZ,2019,1
1678,Mozambique,MOZ,2020,1
1679,Mozambique,MOZ,2021,0
1680,Mozambique,MOZ,2022,1
1681,Myanmar,MMR,1986,0
1682,Myanmar,MMR,1987,0
1683,Myanmar,MMR,1988,0
1684,Myanmar,MMR,1989,0
1685,Myanmar,MMR,1990,0
1686,Myanmar,MMR,1991,0
1687,Myanmar,MMR,1992,0
1688,Myanmar,MMR,1993,0
1689,Myanmar,MMR,1994,0
1690,Myanmar,MMR,1995,0
1691,Myanmar,MMR,1996,0
1692,Myanmar,MMR,1997,0
1693,Myanmar,MMR,1998,0
1694,Myanmar,MMR,1999,0
1695,Myanmar,MMR,2000,0
1696,Myanmar,MMR,2001,0
1697,Myanmar,MMR,2002,0
1698,Myanmar,MMR,2003,0
1699,Myanmar,MMR,2004,0
1700,Myanmar,MMR,2005,0
1701,Myanmar,MMR,2006,0
1702,Myanmar,MMR,2007,0
1703,Myanmar,MMR,2008,0
1704,Myanmar,MMR,2009,0
1705,Myanmar,MMR,2010,0
1706,Myanmar,MMR,2011,0
1707,Myanmar,MMR,2012,0
1708,Myanmar,MMR,2013,0
1709,Myanmar,MMR,2014,0
1710,Myanmar,MMR,2015,0
1711,Myanmar,MMR,2016,0
1712,Myanmar,MMR,2017,0
1713,Myanmar,MMR,2018,0
1714,Myanmar,MMR,2019,0
1715,Myanmar,MMR,2020,1
1716,Myanmar,MMR,2021,1
1717,Myanmar,MMR,2022,0
1718,Nepal,NPL,1986,0
1719,Nepal,NPL,1987,1
1720,Nepal,NPL,1988,1
1721,Nepal,NPL,1989,1
1722,Nepal,NPL,1990,0
1723,Nepal,NPL,1991,0
1724,Nepal,NPL,1992,1
1725,Nepal,NPL,1993,1
1726,Nepal,NPL,1994,1
1727,Nepal,NPL,1995,0
1728,Nepal,NPL,1996,0
1729,Nepal,NPL,1997,0
1730,Nepal,NPL,1998,0
1731,Nepal,NPL,1999,0
1732,Nepal,NPL,2000,0
1733,Nepal,NPL,2001,0
1734,Nepal,NPL,2002,0
1735,Nepal,NPL,2003,1
1736,Nepal,NPL,2004,1
1737,Nepal,NPL,2005,0
1738,Nepal,NPL,2006,1
1739,Nepal,NPL,2007,1
1740,Nepal,NPL,2008,0
1741,Nepal,NPL,2009,0
1742,Nepal,NPL,2010,1
1743,Nepal,NPL,2011,0
1744,Nepal,NPL,2012,0
1745,Nepal,NPL,2013,0
1746,Nepal,NPL,2014,0
1747,Nepal,NPL,2015,1
1748,Nepal,NPL,2016,0
1749,Nepal,NPL,2017,0
1750,Nepal,NPL,2018,0
1751,Nepal,NPL,2019,0
1752,Nepal,NPL,2020,1
1753,Nepal,NPL,2021,0
1754,Nepal,NPL,2022,1
1755,Nicaragua,NIC,1986,0
1756,Nicaragua,NIC,1987,0
1757,Nicaragua,NIC,1988,0
1758,Nicaragua,NIC,1989,0
1759,Nicaragua,NIC,1990,0
1760,Nicaragua,NIC,1991,0
1761,Nicaragua,NIC,1992,0
1762,Nicaragua,NIC,1993,0
1763,Nicaragua,NIC,1994,1
1764,Nicaragua,NIC,1995,0
1765,Nicaragua,NIC,1996,0
1766,Nicaragua,NIC,1997,0
1767,Nicaragua,NIC,1998,1
1768,Nicaragua,NIC,1999,1
1769,Nicaragua,NIC,2000,1
1770,Nicaragua,NIC,2001,0
1771,Nicaragua,NIC,2002,1
1772,Nicaragua,NIC,2003,1
1773,Nicaragua,NIC,2004,1
1774,Nicaragua,NIC,2005,0
1775,Nicaragua,NIC,2006,1
1776,Nicaragua,NIC,2007,1
1777,Nicaragua,NIC,2008,1
1778,Nicaragua,NIC,2009,1
1779,Nicaragua,NIC,2010,1
1780,Nicaragua,NIC,2011,1
1781,Nicaragua,NIC,2012,0
1782,Nicaragua,NIC,2013,0
1783,Nicaragua,NIC,2014,0
1784,Nicaragua,NIC,2015,0
1785,Nicaragua,NIC,2016,0
1786,Nicaragua,NIC,2017,0
1787,Nicaragua,NIC,2018,0
1788,Nicaragua,NIC,2019,0
1789,Nicaragua,NIC,2020,1
1790,Nicaragua,NIC,2021,0
1791,Nicaragua,NIC,2022,0
1792,Niger,NER,1986,1
1793,Niger,NER,1987,1
1794,Niger,NER,1988,1
1795,Niger,NER,1988,1
1796,Niger,NER,1989,1
1797,Niger,NER,1989,1
1798,Niger,NER,1990,1
1799,Niger,NER,1991,0
1800,Niger,NER,1992,0
1801,Niger,NER,1993,0
1802,Niger,NER,1994,0
1803,Niger,NER,1995,0
1804,Niger,NER,1996,1
1805,Niger,NER,1997,1
1806,Niger,NER,1998,1
1807,Niger,NER,1999,0
1808,Niger,NER,2000,1
1809,Niger,NER,2001,1
1810,Niger,NER,2002,1
1811,Niger,NER,2003,1
1812,Niger,NER,2004,1
1813,Niger,NER,2005,1
1814,Niger,NER,2006,1
1815,Niger,NER,2007,1
1816,Niger,NER,2008,1
1817,Niger,NER,2009,1
1818,Niger,NER,2010,1
1819,Niger,NER,2011,0
1820,Niger,NER,2012,1
1821,Niger,NER,2013,1
1822,Niger,NER,2014,1
1823,Niger,NER,2015,1
1824,Niger,NER,2016,1
1825,Niger,NER,2017,1
1826,Niger,NER,2018,1
1827,Niger,NER,2019,1
1828,Niger,NER,2020,1
1829,Niger,NER,2020,1
1830,Niger,NER,2021,1
1831,Niger,NER,2022,1
1832,"North Macedonia, Republic of",MKD,1986,0
1833,"North Macedonia, Republic of",MKD,1987,0
1834,"North Macedonia, Republic of",MKD,1988,0
1835,"North Macedonia, Republic of",MKD,1989,0
1836,"North Macedonia, Republic of",MKD,1990,0
1837,"North Macedonia, Republic of",MKD,1991,0
1838,"North Macedonia, Republic of",MKD,1992,0
1839,"North Macedonia, Republic of",MKD,1993,0
1840,"North Macedonia, Republic of",MKD,1994,0
1841,"North Macedonia, Republic of",MKD,1995,0
1842,"North Macedonia, Republic of",MKD,1996,0
1843,"North Macedonia, Republic of",MKD,1997,1
1844,"North Macedonia, Republic of",MKD,1998,1
1845,"North Macedonia, Republic of",MKD,1999,0
1846,"North Macedonia, Republic of",MKD,2000,1
1847,"North Macedonia, Republic of",MKD,2001,0
1848,"North Macedonia, Republic of",MKD,2002,0
1849,"North Macedonia, Republic of",MKD,2003,0
1850,"North Macedonia, Republic of",MKD,2004,0
1851,"North Macedonia, Republic of",MKD,2005,0
1852,"North Macedonia, Republic of",MKD,2006,0
1853,"North Macedonia, Republic of",MKD,2007,0
1854,"North Macedonia, Republic of",MKD,2008,0
1855,"North Macedonia, Republic of",MKD,2009,0
1856,"North Macedonia, Republic of",MKD,2010,0
1857,"North Macedonia, Republic of",MKD,2011,0
1858,"North Macedonia, Republic of",MKD,2012,0
1859,"North Macedonia, Republic of",MKD,2013,0
1860,"North Macedonia, Republic of",MKD,2014,0
1861,"North Macedonia, Republic of",MKD,2015,0
1862,"North Macedonia, Republic of",MKD,2016,0
1863,"North Macedonia, Republic of",MKD,2017,0
1864,"North Macedonia, Republic of",MKD,2018,0
1865,"North Macedonia, Republic of",MKD,2019,0
1866,"North Macedonia, Republic of",MKD,2020,0
1867,"North Macedonia, Republic of",MKD,2021,0
1868,"North Macedonia, Republic of",MKD,2022,0
1869,Pakistan,PAK,1986,0
1870,Pakistan,PAK,1987,0
1871,Pakistan,PAK,1988,0
1872,Pakistan,PAK,1989,1
1873,Pakistan,PAK,1990,0
1874,Pakistan,PAK,1991,1
1875,Pakistan,PAK,1992,0
1876,Pakistan,PAK,1993,0
1877,Pakistan,PAK,1994,1
1878,Pakistan,PAK,1995,0
1879,Pakistan,PAK,1996,0
1880,Pakistan,PAK,1997,1
1881,Pakistan,PAK,1998,1
1882,Pakistan,PAK,1999,1
1883,Pakistan,PAK,2000,0
1884,Pakistan,PAK,2001,1
1885,Pakistan,PAK,2002,1
1886,Pakistan,PAK,2003,1
1887,Pakistan,PAK,2004,1
1888,Pakistan,PAK,2005,0
1889,Pakistan,PAK,2006,0
1890,Pakistan,PAK,2007,0
1891,Pakistan,PAK,2008,0
1892,Pakistan,PAK,2009,0
1893,Pakistan,PAK,2010,0
1894,Pakistan,PAK,2011,0
1895,Pakistan,PAK,2012,0
1896,Pakistan,PAK,2013,0
1897,Pakistan,PAK,2014,0
1898,Pakistan,PAK,2015,0
1899,Pakistan,PAK,2016,0
1900,Pakistan,PAK,2017,0
1901,Pakistan,PAK,2018,0
1902,Pakistan,PAK,2019,0
1903,Pakistan,PAK,2020,0
1904,Pakistan,PAK,2021,0
1905,Pakistan,PAK,2022,0
1906,Papua New Guinea,PNG,1986,0
1907,Papua New Guinea,PNG,1987,0
1908,Papua New Guinea,PNG,1988,0
1909,Papua New Guinea,PNG,1989,0
1910,Papua New Guinea,PNG,1990,0
1911,Papua New Guinea,PNG,1991,0
1912,Papua New Guinea,PNG,1992,0
1913,Papua New Guinea,PNG,1993,0
1914,Papua New Guinea,PNG,1994,0
1915,Papua New Guinea,PNG,1995,0
1916,Papua New Guinea,PNG,1996,0
1917,Papua New Guinea,PNG,1997,0
1918,Papua New Guinea,PNG,1998,0
1919,Papua New Guinea,PNG,1999,0
1920,Papua New Guinea,PNG,2000,0
1921,Papua New Guinea,PNG,2001,0
1922,Papua New Guinea,PNG,2002,0
1923,Papua New Guinea,PNG,2003,0
1924,Papua New Guinea,PNG,2004,0
1925,Papua New Guinea,PNG,2005,0
1926,Papua New Guinea,PNG,2006,0
1927,Papua New Guinea,PNG,2007,0
1928,Papua New Guinea,PNG,2008,0
1929,Papua New Guinea,PNG,2009,0
1930,Papua New Guinea,PNG,2010,0
1931,Papua New Guinea,PNG,2011,0
1932,Papua New Guinea,PNG,2012,0
1933,Papua New Guinea,PNG,2013,0
1934,Papua New Guinea,PNG,2014,0
1935,Papua New Guinea,PNG,2015,0
1936,Papua New Guinea,PNG,2016,0
1937,Papua New Guinea,PNG,2017,0
1938,Papua New Guinea,PNG,2018,0
1939,Papua New Guinea,PNG,2019,0
1940,Papua New Guinea,PNG,2020,1
1941,Papua New Guinea,PNG,2021,0
1942,Papua New Guinea,PNG,2022,0
1943,Rwanda,RWA,1986,0
1944,Rwanda,RWA,1987,0
1945,Rwanda,RWA,1988,0
1946,Rwanda,RWA,1989,0
1947,Rwanda,RWA,1990,0
1948,Rwanda,RWA,1991,1
1949,Rwanda,RWA,1992,0
1950,Rwanda,RWA,1993,0
1951,Rwanda,RWA,1994,0
1952,Rwanda,RWA,1995,0
1953,Rwanda,RWA,1996,0
1954,Rwanda,RWA,1997,0
1955,Rwanda,RWA,1998,1
1956,Rwanda,RWA,1999,1
1957,Rwanda,RWA,2000,1
1958,Rwanda,RWA,2001,1
1959,Rwanda,RWA,2002,1
1960,Rwanda,RWA,2003,1
1961,Rwanda,RWA,2004,1
1962,Rwanda,RWA,2005,1
1963,Rwanda,RWA,2006,1
1964,Rwanda,RWA,2007,1
1965,Rwanda,RWA,2008,1
1966,Rwanda,RWA,2009,1
1967,Rwanda,RWA,2010,0
1968,Rwanda,RWA,2011,0
1969,Rwanda,RWA,2012,0
1970,Rwanda,RWA,2013,0
1971,Rwanda,RWA,2014,0
1972,Rwanda,RWA,2015,0
1973,Rwanda,RWA,2016,1
1974,Rwanda,RWA,2017,1
1975,Rwanda,RWA,2018,1
1976,Rwanda,RWA,2019,0
1977,Rwanda,RWA,2020,1
1978,Rwanda,RWA,2021,0
1979,Rwanda,RWA,2022,0
1980,St. Lucia,LCA,1986,0
1981,St. Lucia,LCA,1987,0
1982,St. Lucia,LCA,1988,0
1983,St. Lucia,LCA,1989,0
1984,St. Lucia,LCA,1990,0
1985,St. Lucia,LCA,1991,0
1986,St. Lucia,LCA,1992,0
1987,St. Lucia,LCA,1993,0
1988,St. Lucia,LCA,1994,0
1989,St. Lucia,LCA,1995,0
1990,St. Lucia,LCA,1996,0
1991,St. Lucia,LCA,1997,0
1992,St. Lucia,LCA,1998,0
1993,St. Lucia,LCA,1999,0
1994,St. Lucia,LCA,2000,0
1995,St. Lucia,LCA,2001,0
1996,St. Lucia,LCA,2002,0
1997,St. Lucia,LCA,2003,0
1998,St. Lucia,LCA,2004,0
1999,St. Lucia,LCA,2005,0
2000,St. Lucia,LCA,2006,0
2001,St. Lucia,LCA,2007,0
2002,St. Lucia,LCA,2008,0
2003,St. Lucia,LCA,2009,1
2004,St. Lucia,LCA,2010,0
2005,St. Lucia,LCA,2011,1
2006,St. Lucia,LCA,2012,0
2007,St. Lucia,LCA,2013,0
2008,St. Lucia,LCA,2014,0
2009,St. Lucia,LCA,2015,0
2010,St. Lucia,LCA,2016,0
2011,St. Lucia,LCA,2017,0
2012,St. Lucia,LCA,2018,0
2013,St. Lucia,LCA,2019,0
2014,St. Lucia,LCA,2020,1
2015,St. Lucia,LCA,2021,0
2016,St. Lucia,LCA,2022,0
2017,St. Vincent and the Grenadines,VCT,1986,0
2018,St. Vincent and the Grenadines,VCT,1987,0
2019,St. Vincent and the Grenadines,VCT,1988,0
2020,St. Vincent and the Grenadines,VCT,1989,0
2021,St. Vincent and the Grenadines,VCT,1990,0
2022,St. Vincent and the Grenadines,VCT,1991,0
2023,St. Vincent and the Grenadines,VCT,1992,0
2024,St. Vincent and the Grenadines,VCT,1993,0
2025,St. Vincent and the Grenadines,VCT,1994,0
2026,St. Vincent and the Grenadines,VCT,1995,0
2027,St. Vincent and the Grenadines,VCT,1996,0
2028,St. Vincent and the Grenadines,VCT,1997,0
2029,St. Vincent and the Grenadines,VCT,1998,0
2030,St. Vincent and the Grenadines,VCT,1999,0
2031,St. Vincent and the Grenadines,VCT,2000,0
2032,St. Vincent and the Grenadines,VCT,2001,0
2033,St. Vincent and the Grenadines,VCT,2002,0
2034,St. Vincent and the Grenadines,VCT,2003,0
2035,St. Vincent and the Grenadines,VCT,2004,0
2036,St. Vincent and the Grenadines,VCT,2005,0
2037,St. Vincent and the Grenadines,VCT,2006,0
2038,St. Vincent and the Grenadines,VCT,2007,0
2039,St. Vincent and the Grenadines,VCT,2008,0
2040,St. Vincent and the Grenadines,VCT,2009,1
2041,St. Vincent and the Grenadines,VCT,2010,0
2042,St. Vincent and the Grenadines,VCT,2011,1
2043,St. Vincent and the Grenadines,VCT,2012,0
2044,St. Vincent and the Grenadines,VCT,2013,0
2045,St. Vincent and the Grenadines,VCT,2014,1
2046,St. Vincent and the Grenadines,VCT,2015,0
2047,St. Vincent and the Grenadines,VCT,2016,0
2048,St. Vincent and the Grenadines,VCT,2017,0
2049,St. Vincent and the Grenadines,VCT,2018,0
2050,St. Vincent and the Grenadines,VCT,2019,0
2051,St. Vincent and the Grenadines,VCT,2020,1
2052,St. Vincent and the Grenadines,VCT,2021,1
2053,St. Vincent and the Grenadines,VCT,2022,0
2054,Samoa,WSM,1986,0
2055,Samoa,WSM,1987,0
2056,Samoa,WSM,1988,0
2057,Samoa,WSM,1989,0
2058,Samoa,WSM,1990,0
2059,Samoa,WSM,1991,0
2060,Samoa,WSM,1992,0
2061,Samoa,WSM,1993,0
2062,Samoa,WSM,1994,0
2063,Samoa,WSM,1995,0
2064,Samoa,WSM,1996,0
2065,Samoa,WSM,1997,0
2066,Samoa,WSM,1998,0
2067,Samoa,WSM,1999,0
2068,Samoa,WSM,2000,0
2069,Samoa,WSM,2001,0
2070,Samoa,WSM,2002,0
2071,Samoa,WSM,2003,0
2072,Samoa,WSM,2004,0
2073,Samoa,WSM,2005,0
2074,Samoa,WSM,2006,0
2075,Samoa,WSM,2007,0
2076,Samoa,WSM,2008,0
2077,Samoa,WSM,2009,1
2078,Samoa,WSM,2010,0
2079,Samoa,WSM,2011,0
2080,Samoa,WSM,2012,0
2081,Samoa,WSM,2013,1
2082,Samoa,WSM,2014,0
2083,Samoa,WSM,2015,0
2084,Samoa,WSM,2016,0
2085,Samoa,WSM,2017,0
2086,Samoa,WSM,2018,0
2087,Samoa,WSM,2019,0
2088,Samoa,WSM,2020,1
2089,Samoa,WSM,2021,0
2090,Samoa,WSM,2022,0
2091,Sao Tome & Principe,STP,1986,0
2092,Sao Tome & Principe,STP,1987,0
2093,Sao Tome & Principe,STP,1988,0
2094,Sao Tome & Principe,STP,1989,1
2095,Sao Tome & Principe,STP,1990,0
2096,Sao Tome & Principe,STP,1991,0
2097,Sao Tome & Principe,STP,1992,0
2098,Sao Tome & Principe,STP,1993,0
2099,Sao Tome & Principe,STP,1994,0
2100,Sao Tome & Principe,STP,1995,0
2101,Sao Tome & Principe,STP,1996,0
2102,Sao Tome & Principe,STP,1997,0
2103,Sao Tome & Principe,STP,1998,0
2104,Sao Tome & Principe,STP,1999,0
2105,Sao Tome & Principe,STP,2000,1
2106,Sao Tome & Principe,STP,2001,0
2107,Sao Tome & Principe,STP,2002,0
2108,Sao Tome & Principe,STP,2003,0
2109,Sao Tome & Principe,STP,2004,0
2110,Sao Tome & Principe,STP,2005,1
2111,Sao Tome & Principe,STP,2006,1
2112,Sao Tome & Principe,STP,2007,1
2113,Sao Tome & Principe,STP,2008,1
2114,Sao Tome & Principe,STP,2009,1
2115,Sao Tome & Principe,STP,2010,1
2116,Sao Tome & Principe,STP,2011,0
2117,Sao Tome & Principe,STP,2012,1
2118,Sao Tome & Principe,STP,2013,1
2119,Sao Tome & Principe,STP,2014,0
2120,Sao Tome & Principe,STP,2015,1
2121,Sao Tome & Principe,STP,2016,1
2122,Sao Tome & Principe,STP,2017,1
2123,Sao Tome & Principe,STP,2018,1
2124,Sao Tome & Principe,STP,2019,1
2125,Sao Tome & Principe,STP,2020,1
2126,Sao Tome & Principe,STP,2020,1
2127,Sao Tome & Principe,STP,2021,1
2128,Sao Tome & Principe,STP,2022,1
2129,Senegal,SEN,1986,1
2130,Senegal,SEN,1987,1
2131,Senegal,SEN,1988,1
2132,Senegal,SEN,1988,1
2133,Senegal,SEN,1989,1
2134,Senegal,SEN,1989,1
2135,Senegal,SEN,1990,1
2136,Senegal,SEN,1991,1
2137,Senegal,SEN,1991,1
2138,Senegal,SEN,1992,0
2139,Senegal,SEN,1993,0
2140,Senegal,SEN,1994,1
2141,Senegal,SEN,1995,1
2142,Senegal,SEN,1996,1
2143,Senegal,SEN,1997,1
2144,Senegal,SEN,1998,1
2145,Senegal,SEN,1999,1
2146,Senegal,SEN,2000,1
2147,Senegal,SEN,2001,1
2148,Senegal,SEN,2002,1
2149,Senegal,SEN,2003,1
2150,Senegal,SEN,2004,1
2151,Senegal,SEN,2005,1
2152,Senegal,SEN,2006,1
2153,Senegal,SEN,2007,0
2154,Senegal,SEN,2008,1
2155,Senegal,SEN,2009,1
2156,Senegal,SEN,2010,1
2157,Senegal,SEN,2011,0
2158,Senegal,SEN,2012,0
2159,Senegal,SEN,2013,0
2160,Senegal,SEN,2014,0
2161,Senegal,SEN,2015,0
2162,Senegal,SEN,2016,0
2163,Senegal,SEN,2017,0
2164,Senegal,SEN,2018,0
2165,Senegal,SEN,2019,0
2166,Senegal,SEN,2020,1
2167,Senegal,SEN,2021,1
2168,Senegal,SEN,2022,1
2169,Sierra Leone,SLE,1986,1
2170,Sierra Leone,SLE,1987,0
2171,Sierra Leone,SLE,1988,0
2172,Sierra Leone,SLE,1989,0
2173,Sierra Leone,SLE,1990,0
2174,Sierra Leone,SLE,1991,0
2175,Sierra Leone,SLE,1992,0
2176,Sierra Leone,SLE,1993,0
2177,Sierra Leone,SLE,1994,1
2178,Sierra Leone,SLE,1994,1
2179,Sierra Leone,SLE,1995,1
2180,Sierra Leone,SLE,1996,1
2181,Sierra Leone,SLE,1997,1
2182,Sierra Leone,SLE,1998,0
2183,Sierra Leone,SLE,1999,0
2184,Sierra Leone,SLE,2000,0
2185,Sierra Leone,SLE,2001,1
2186,Sierra Leone,SLE,2002,1
2187,Sierra Leone,SLE,2003,1
2188,Sierra Leone,SLE,2004,1
2189,Sierra Leone,SLE,2005,1
2190,Sierra Leone,SLE,2006,1
2191,Sierra Leone,SLE,2007,0
2192,Sierra Leone,SLE,2008,1
2193,Sierra Leone,SLE,2009,1
2194,Sierra Leone,SLE,2010,1
2195,Sierra Leone,SLE,2011,1
2196,Sierra Leone,SLE,2012,1
2197,Sierra Leone,SLE,2013,1
2198,Sierra Leone,SLE,2014,1
2199,Sierra Leone,SLE,2015,1
2200,Sierra Leone,SLE,2016,1
2201,Sierra Leone,SLE,2017,1
2202,Sierra Leone,SLE,2018,1
2203,Sierra Leone,SLE,2019,1
2204,Sierra Leone,SLE,2020,1
2205,Sierra Leone,SLE,2020,1
2206,Sierra Leone,SLE,2021,1
2207,Sierra Leone,SLE,2021,1
2208,Sierra Leone,SLE,2022,1
2209,Solomon Islands,SLB,1986,0
2210,Solomon Islands,SLB,1987,0
2211,Solomon Islands,SLB,1988,0
2212,Solomon Islands,SLB,1989,0
2213,Solomon Islands,SLB,1990,0
2214,Solomon Islands,SLB,1991,0
2215,Solomon Islands,SLB,1992,0
2216,Solomon Islands,SLB,1993,0
2217,Solomon Islands,SLB,1994,0
2218,Solomon Islands,SLB,1995,0
2219,Solomon Islands,SLB,1996,0
2220,Solomon Islands,SLB,1997,0
2221,Solomon Islands,SLB,1998,0
2222,Solomon Islands,SLB,1999,0
2223,Solomon Islands,SLB,2000,0
2224,Solomon Islands,SLB,2001,0
2225,Solomon Islands,SLB,2002,0
2226,Solomon Islands,SLB,2003,0
2227,Solomon Islands,SLB,2004,0
2228,Solomon Islands,SLB,2005,0
2229,Solomon Islands,SLB,2006,0
2230,Solomon Islands,SLB,2007,0
2231,Solomon Islands,SLB,2008,0
2232,Solomon Islands,SLB,2009,0
2233,Solomon Islands,SLB,2010,1
2234,Solomon Islands,SLB,2011,1
2235,Solomon Islands,SLB,2012,1
2236,Solomon Islands,SLB,2013,1
2237,Solomon Islands,SLB,2014,1
2238,Solomon Islands,SLB,2015,1
2239,Solomon Islands,SLB,2016,1
2240,Solomon Islands,SLB,2017,0
2241,Solomon Islands,SLB,2018,0
2242,Solomon Islands,SLB,2019,0
2243,Solomon Islands,SLB,2020,1
2244,Solomon Islands,SLB,2021,0
2245,Solomon Islands,SLB,2022,0
2246,Somalia,SOM,1986,0
2247,Somalia,SOM,1987,1
2248,Somalia,SOM,1988,0
2249,Somalia,SOM,1989,0
2250,Somalia,SOM,1990,0
2251,Somalia,SOM,1991,0
2252,Somalia,SOM,1992,0
2253,Somalia,SOM,1993,0
2254,Somalia,SOM,1994,0
2255,Somalia,SOM,1995,0
2256,Somalia,SOM,1996,0
2257,Somalia,SOM,1997,0
2258,Somalia,SOM,1998,0
2259,Somalia,SOM,1999,0
2260,Somalia,SOM,2000,0
2261,Somalia,SOM,2001,0
2262,Somalia,SOM,2002,0
2263,Somalia,SOM,2003,0
2264,Somalia,SOM,2004,0
2265,Somalia,SOM,2005,0
2266,Somalia,SOM,2006,0
2267,Somalia,SOM,2007,0
2268,Somalia,SOM,2008,0
2269,Somalia,SOM,2009,0
2270,Somalia,SOM,2010,0
2271,Somalia,SOM,2011,0
2272,Somalia,SOM,2012,0
2273,Somalia,SOM,2013,0
2274,Somalia,SOM,2014,0
2275,Somalia,SOM,2015,0
2276,Somalia,SOM,2016,0
2277,Somalia,SOM,2017,0
2278,Somalia,SOM,2018,0
2279,Somalia,SOM,2019,0
2280,Somalia,SOM,2020,1
2281,Somalia,SOM,2021,0
2282,Somalia,SOM,2022,1
2283,South Sudan,SSD,1986,0
2284,South Sudan,SSD,1987,0
2285,South Sudan,SSD,1988,0
2286,South Sudan,SSD,1989,0
2287,South Sudan,SSD,1990,0
2288,South Sudan,SSD,1991,0
2289,South Sudan,SSD,1992,0
2290,South Sudan,SSD,1993,0
2291,South Sudan,SSD,1994,0
2292,South Sudan,SSD,1995,0
2293,South Sudan,SSD,1996,0
2294,South Sudan,SSD,1997,0
2295,South Sudan,SSD,1998,0
2296,South Sudan,SSD,1999,0
2297,South Sudan,SSD,2000,0
2298,South Sudan,SSD,2001,0
2299,South Sudan,SSD,2002,0
2300,South Sudan,SSD,2003,0
2301,South Sudan,SSD,2004,0
2302,South Sudan,SSD,2005,0
2303,South Sudan,SSD,2006,0
2304,South Sudan,SSD,2007,0
2305,South Sudan,SSD,2008,0
2306,South Sudan,SSD,2009,0
2307,South Sudan,SSD,2010,0
2308,South Sudan,SSD,2011,0
2309,South Sudan,SSD,2012,0
2310,South Sudan,SSD,2013,0
2311,South Sudan,SSD,2014,0
2312,South Sudan,SSD,2015,0
2313,South Sudan,SSD,2016,0
2314,South Sudan,SSD,2017,0
2315,South Sudan,SSD,2018,0
2316,South Sudan,SSD,2019,0
2317,South Sudan,SSD,2020,1
2318,South Sudan,SSD,2021,1
2319,South Sudan,SSD,2022,0
2320,Sri Lanka,LKA,1986,0
2321,Sri Lanka,LKA,1987,0
2322,Sri Lanka,LKA,1988,1
2323,Sri Lanka,LKA,1989,1
2324,Sri Lanka,LKA,1990,1
2325,Sri Lanka,LKA,1991,1
2326,Sri Lanka,LKA,1992,1
2327,Sri Lanka,LKA,1993,1
2328,Sri Lanka,LKA,1994,1
2329,Sri Lanka,LKA,1995,0
2330,Sri Lanka,LKA,1996,0
2331,Sri Lanka,LKA,1997,0
2332,Sri Lanka,LKA,1998,0
2333,Sri Lanka,LKA,1999,0
2334,Sri Lanka,LKA,2000,0
2335,Sri Lanka,LKA,2001,0
2336,Sri Lanka,LKA,2002,0
2337,Sri Lanka,LKA,2003,1
2338,Sri Lanka,LKA,2004,0
2339,Sri Lanka,LKA,2005,0
2340,Sri Lanka,LKA,2006,0
2341,Sri Lanka,LKA,2007,0
2342,Sri Lanka,LKA,2008,0
2343,Sri Lanka,LKA,2009,0
2344,Sri Lanka,LKA,2010,0
2345,Sri Lanka,LKA,2011,0
2346,Sri Lanka,LKA,2012,0
2347,Sri Lanka,LKA,2013,0
2348,Sri Lanka,LKA,2014,0
2349,Sri Lanka,LKA,2015,0
2350,Sri Lanka,LKA,2016,0
2351,Sri Lanka,LKA,2017,0
2352,Sri Lanka,LKA,2018,0
2353,Sri Lanka,LKA,2019,0
2354,Sri Lanka,LKA,2020,0
2355,Sri Lanka,LKA,2021,0
2356,Sri Lanka,LKA,2022,0
2357,Sudan,SDN,1986,0
2358,Sudan,SDN,1987,0
2359,Sudan,SDN,1988,0
2360,Sudan,SDN,1989,0
2361,Sudan,SDN,1990,0
2362,Sudan,SDN,1991,0
2363,Sudan,SDN,1992,0
2364,Sudan,SDN,1993,0
2365,Sudan,SDN,1994,0
2366,Sudan,SDN,1995,0
2367,Sudan,SDN,1996,0
2368,Sudan,SDN,1997,0
2369,Sudan,SDN,1998,0
2370,Sudan,SDN,1999,0
2371,Sudan,SDN,2000,0
2372,Sudan,SDN,2001,0
2373,Sudan,SDN,2002,0
2374,Sudan,SDN,2003,0
2375,Sudan,SDN,2004,0
2376,Sudan,SDN,2005,0
2377,Sudan,SDN,2006,0
2378,Sudan,SDN,2007,0
2379,Sudan,SDN,2008,0
2380,Sudan,SDN,2009,0
2381,Sudan,SDN,2010,0
2382,Sudan,SDN,2011,0
2383,Sudan,SDN,2012,0
2384,Sudan,SDN,2013,0
2385,Sudan,SDN,2014,0
2386,Sudan,SDN,2015,0
2387,Sudan,SDN,2016,0
2388,Sudan,SDN,2017,0
2389,Sudan,SDN,2018,0
2390,Sudan,SDN,2019,0
2391,Sudan,SDN,2020,0
2392,Sudan,SDN,2021,1
2393,Sudan,SDN,2022,0
2394,"Tajikistan, Republic of",TJK,1986,0
2395,"Tajikistan, Republic of",TJK,1987,0
2396,"Tajikistan, Republic of",TJK,1988,0
2397,"Tajikistan, Republic of",TJK,1989,0
2398,"Tajikistan, Republic of",TJK,1990,0
2399,"Tajikistan, Republic of",TJK,1991,0
2400,"Tajikistan, Republic of",TJK,1992,0
2401,"Tajikistan, Republic of",TJK,1993,0
2402,"Tajikistan, Republic of",TJK,1994,0
2403,"Tajikistan, Republic of",TJK,1995,0
2404,"Tajikistan, Republic of",TJK,1996,0
2405,"Tajikistan, Republic of",TJK,1997,0
2406,"Tajikistan, Republic of",TJK,1998,1
2407,"Tajikistan, Republic of",TJK,1999,1
2408,"Tajikistan, Republic of",TJK,2000,1
2409,"Tajikistan, Republic of",TJK,2001,1
2410,"Tajikistan, Republic of",TJK,2002,1
2411,"Tajikistan, Republic of",TJK,2003,1
2412,"Tajikistan, Republic of",TJK,2004,1
2413,"Tajikistan, Republic of",TJK,2005,1
2414,"Tajikistan, Republic of",TJK,2006,1
2415,"Tajikistan, Republic of",TJK,2007,0
2416,"Tajikistan, Republic of",TJK,2008,0
2417,"Tajikistan, Republic of",TJK,2009,1
2418,"Tajikistan, Republic of",TJK,2010,1
2419,"Tajikistan, Republic of",TJK,2011,1
2420,"Tajikistan, Republic of",TJK,2012,1
2421,"Tajikistan, Republic of",TJK,2013,0
2422,"Tajikistan, Republic of",TJK,2014,0
2423,"Tajikistan, Republic of",TJK,2015,0
2424,"Tajikistan, Republic of",TJK,2016,0
2425,"Tajikistan, Republic of",TJK,2017,0
2426,"Tajikistan, Republic of",TJK,2018,0
2427,"Tajikistan, Republic of",TJK,2019,0
2428,"Tajikistan, Republic of",TJK,2020,1
2429,"Tajikistan, Republic of",TJK,2021,0
2430,"Tajikistan, Republic of",TJK,2022,0
2431,Tanzania,TZA,1986,0
2432,Tanzania,TZA,1987,1
2433,Tanzania,TZA,1988,1
2434,Tanzania,TZA,1989,0
2435,Tanzania,TZA,1990,1
2436,Tanzania,TZA,1991,1
2437,Tanzania,TZA,1992,1
2438,Tanzania,TZA,1993,0
2439,Tanzania,TZA,1994,0
2440,Tanzania,TZA,1995,0
2441,Tanzania,TZA,1996,1
2442,Tanzania,TZA,1997,1
2443,Tanzania,TZA,1998,1
2444,Tanzania,TZA,1999,1
2445,Tanzania,TZA,2000,1
2446,Tanzania,TZA,2001,1
2447,Tanzania,TZA,2002,1
2448,Tanzania,TZA,2003,1
2449,Tanzania,TZA,2004,1
2450,Tanzania,TZA,2005,1
2451,Tanzania,TZA,2006,1
2452,Tanzania,TZA,2007,1
2453,Tanzania,TZA,2008,0
2454,Tanzania,TZA,2009,1
2455,Tanzania,TZA,2010,1
2456,Tanzania,TZA,2011,0
2457,Tanzania,TZA,2012,0
2458,Tanzania,TZA,2013,1
2459,Tanzania,TZA,2014,0
2460,Tanzania,TZA,2015,0
2461,Tanzania,TZA,2016,0
2462,Tanzania,TZA,2017,0
2463,Tanzania,TZA,2018,0
2464,Tanzania,TZA,2019,0
2465,Tanzania,TZA,2020,0
2466,Tanzania,TZA,2021,1
2467,Tanzania,TZA,2022,1
2468,Togo,TGO,1986,0
2469,Togo,TGO,1987,0
2470,Togo,TGO,1988,1
2471,Togo,TGO,1989,1
2472,Togo,TGO,1989,1
2473,Togo,TGO,1990,1
2474,Togo,TGO,1990,1
2475,Togo,TGO,1991,0
2476,Togo,TGO,1992,1
2477,Togo,TGO,1993,0
2478,Togo,TGO,1994,1
2479,Togo,TGO,1995,1
2480,Togo,TGO,1996,0
2481,Togo,TGO,1997,1
2482,Togo,TGO,1998,1
2483,Togo,TGO,1999,0
2484,Togo,TGO,2000,0
2485,Togo,TGO,2001,0
2486,Togo,TGO,2002,0
2487,Togo,TGO,2003,0
2488,Togo,TGO,2004,0
2489,Togo,TGO,2005,0
2490,Togo,TGO,2006,0
2491,Togo,TGO,2007,0
2492,Togo,TGO,2008,1
2493,Togo,TGO,2009,1
2494,Togo,TGO,2010,1
2495,Togo,TGO,2011,1
2496,Togo,TGO,2012,0
2497,Togo,TGO,2013,0
2498,Togo,TGO,2014,0
2499,Togo,TGO,2015,0
2500,Togo,TGO,2016,0
2501,Togo,TGO,2017,1
2502,Togo,TGO,2018,1
2503,Togo,TGO,2019,1
2504,Togo,TGO,2020,1
2505,Togo,TGO,2021,0
2506,Togo,TGO,2022,0
2507,Tonga,TON,1986,0
2508,Tonga,TON,1987,0
2509,Tonga,TON,1988,0
2510,Tonga,TON,1989,0
2511,Tonga,TON,1990,0
2512,Tonga,TON,1991,0
2513,Tonga,TON,1992,0
2514,Tonga,TON,1993,0
2515,Tonga,TON,1994,0
2516,Tonga,TON,1995,0
2517,Tonga,TON,1996,0
2518,Tonga,TON,1997,0
2519,Tonga,TON,1998,0
2520,Tonga,TON,1999,0
2521,Tonga,TON,2000,0
2522,Tonga,TON,2001,0
2523,Tonga,TON,2002,0
2524,Tonga,TON,2003,0
2525,Tonga,TON,2004,0
2526,Tonga,TON,2005,0
2527,Tonga,TON,2006,0
2528,Tonga,TON,2007,0
2529,Tonga,TON,2008,0
2530,Tonga,TON,2009,0
2531,Tonga,TON,2010,0
2532,Tonga,TON,2011,0
2533,Tonga,TON,2012,0
2534,Tonga,TON,2013,0
2535,Tonga,TON,2014,0
2536,Tonga,TON,2015,0
2537,Tonga,TON,2016,0
2538,Tonga,TON,2017,0
2539,Tonga,TON,2018,0
2540,Tonga,TON,2019,0
2541,Tonga,TON,2020,0
2542,Tonga,TON,2021,1
2543,Tonga,TON,2022,1
2544,Uganda,UGA,1986,0
2545,Uganda,UGA,1987,1
2546,Uganda,UGA,1988,1
2547,Uganda,UGA,1989,1
2548,Uganda,UGA,1989,1
2549,Uganda,UGA,1990,1
2550,Uganda,UGA,1990,1
2551,Uganda,UGA,1991,1
2552,Uganda,UGA,1992,1
2553,Uganda,UGA,1993,0
2554,Uganda,UGA,1994,1
2555,Uganda,UGA,1995,1
2556,Uganda,UGA,1996,1
2557,Uganda,UGA,1997,1
2558,Uganda,UGA,1998,1
2559,Uganda,UGA,1999,1
2560,Uganda,UGA,2000,1
2561,Uganda,UGA,2001,1
2562,Uganda,UGA,2002,1
2563,Uganda,UGA,2003,1
2564,Uganda,UGA,2004,1
2565,Uganda,UGA,2005,1
2566,Uganda,UGA,2006,1
2567,Uganda,UGA,2007,0
2568,Uganda,UGA,2008,0
2569,Uganda,UGA,2009,0
2570,Uganda,UGA,2010,0
2571,Uganda,UGA,2011,0
2572,Uganda,UGA,2012,0
2573,Uganda,UGA,2013,0
2574,Uganda,UGA,2014,0
2575,Uganda,UGA,2015,0
2576,Uganda,UGA,2016,0
2577,Uganda,UGA,2017,0
2578,Uganda,UGA,2018,0
2579,Uganda,UGA,2019,0
2580,Uganda,UGA,2020,1
2581,Uganda,UGA,2021,1
2582,Uganda,UGA,2022,1
2583,"Uzbekistan, Republic of",UZB,1986,0
2584,"Uzbekistan, Republic of",UZB,1987,0
2585,"Uzbekistan, Republic of",UZB,1988,0
2586,"Uzbekistan, Republic of",UZB,1989,0
2587,"Uzbekistan, Republic of",UZB,1990,0
2588,"Uzbekistan, Republic of",UZB,1991,0
2589,"Uzbekistan, Republic of",UZB,1992,0
2590,"Uzbekistan, Republic of",UZB,1993,0
2591,"Uzbekistan, Republic of",UZB,1994,0
2592,"Uzbekistan, Republic of",UZB,1995,0
2593,"Uzbekistan, Republic of",UZB,1996,0
2594,"Uzbekistan, Republic of",UZB,1997,0
2595,"Uzbekistan, Republic of",UZB,1998,0
2596,"Uzbekistan, Republic of",UZB,1999,0
2597,"Uzbekistan, Republic of",UZB,2000,0
2598,"Uzbekistan, Republic of",UZB,2001,0
2599,"Uzbekistan, Republic of",UZB,2002,0
2600,"Uzbekistan, Republic of",UZB,2003,0
2601,"Uzbekistan, Republic of",UZB,2004,0
2602,"Uzbekistan, Republic of",UZB,2005,0
2603,"Uzbekistan, Republic of",UZB,2006,0
2604,"Uzbekistan, Republic of",UZB,2007,0
2605,"Uzbekistan, Republic of",UZB,2008,0
2606,"Uzbekistan, Republic of",UZB,2009,0
2607,"Uzbekistan, Republic of",UZB,2010,0
2608,"Uzbekistan, Republic of",UZB,2011,0
2609,"Uzbekistan, Republic of",UZB,2012,0
2610,"Uzbekistan, Republic of",UZB,2013,0
2611,"Uzbekistan, Republic of",UZB,2014,0
2612,"Uzbekistan, Republic of",UZB,2015,0
2613,"Uzbekistan, Republic of",UZB,2016,0
2614,"Uzbekistan, Republic of",UZB,2017,0
2615,"Uzbekistan, Republic of",UZB,2018,0
2616,"Uzbekistan, Republic of",UZB,2019,0
2617,"Uzbekistan, Republic of",UZB,2020,1
2618,"Uzbekistan, Republic of",UZB,2021,0
2619,"Uzbekistan, Republic of",UZB,2022,0
2620,Vanuatu,VUT,1986,0
2621,Vanuatu,VUT,1987,0
2622,Vanuatu,VUT,1988,0
2623,Vanuatu,VUT,1989,0
2624,Vanuatu,VUT,1990,0
2625,Vanuatu,VUT,1991,0
2626,Vanuatu,VUT,1992,0
2627,Vanuatu,VUT,1993,0
2628,Vanuatu,VUT,1994,0
2629,Vanuatu,VUT,1995,0
2630,Vanuatu,VUT,1996,0
2631,Vanuatu,VUT,1997,0
2632,Vanuatu,VUT,1998,0
2633,Vanuatu,VUT,1999,0
2634,Vanuatu,VUT,2000,0
2635,Vanuatu,VUT,2001,0
2636,Vanuatu,VUT,2002,0
2637,Vanuatu,VUT,2003,0
2638,Vanuatu,VUT,2004,0
2639,Vanuatu,VUT,2005,0
2640,Vanuatu,VUT,2006,0
2641,Vanuatu,VUT,2007,0
2642,Vanuatu,VUT,2008,0
2643,Vanuatu,VUT,2009,0
2644,Vanuatu,VUT,2010,0
2645,Vanuatu,VUT,2011,0
2646,Vanuatu,VUT,2012,0
2647,Vanuatu,VUT,2013,0
2648,Vanuatu,VUT,2014,0
2649,Vanuatu,VUT,2015,1
2650,Vanuatu,VUT,2016,0
2651,Vanuatu,VUT,2017,0
2652,Vanuatu,VUT,2018,0
2653,Vanuatu,VUT,2019,0
2654,Vanuatu,VUT,2020,0
2655,Vanuatu,VUT,2021,0
2656,Vanuatu,VUT,2022,0
2657,Vietnam,VNM,1986,0
2658,Vietnam,VNM,1987,0
2659,Vietnam,VNM,1988,0
2660,Vietnam,VNM,1989,0
2661,Vietnam,VNM,1990,0
2662,Vietnam,VNM,1991,0
2663,Vietnam,VNM,1992,0
2664,Vietnam,VNM,1993,0
2665,Vietnam,VNM,1994,1
2666,Vietnam,VNM,1995,1
2667,Vietnam,VNM,1996,1
2668,Vietnam,VNM,1997,0
2669,Vietnam,VNM,1998,0
2670,Vietnam,VNM,1999,0
2671,Vietnam,VNM,2000,0
2672,Vietnam,VNM,2001,1
2673,Vietnam,VNM,2002,1
2674,Vietnam,VNM,2003,0
2675,Vietnam,VNM,2004,0
2676,Vietnam,VNM,2005,0
2677,Vietnam,VNM,2006,0
2678,Vietnam,VNM,2007,0
2679,Vietnam,VNM,2008,0
2680,Vietnam,VNM,2009,0
2681,Vietnam,VNM,2010,0
2682,Vietnam,VNM,2011,0
2683,Vietnam,VNM,2012,0
2684,Vietnam,VNM,2013,0
2685,Vietnam,VNM,2014,0
2686,Vietnam,VNM,2015,0
2687,Vietnam,VNM,2016,0
2688,Vietnam,VNM,2017,0
2689,Vietnam,VNM,2018,0
2690,Vietnam,VNM,2019,0
2691,Vietnam,VNM,2020,0
2692,Vietnam,VNM,2021,0
2693,Vietnam,VNM,2022,0
2694,"Yemen, Republic of",YMN,1986,0
2695,"Yemen, Republic of",YMN,1987,0
2696,"Yemen, Republic of",YMN,1988,0
2697,"Yemen, Republic of",YMN,1989,0
2698,"Yemen, Republic of",YMN,1990,1
2699,"Yemen, Republic of",YMN,1991,0
2700,"Yemen, Republic of",YMN,1992,0
2701,"Yemen, Republic of",YMN,1993,0
2702,"Yemen, Republic of",YMN,1994,0
2703,"Yemen, Republic of",YMN,1995,0
2704,"Yemen, Republic of",YMN,1996,0
2705,"Yemen, Republic of",YMN,1997,1
2706,"Yemen, Republic of",YMN,1998,1
2707,"Yemen, Republic of",YMN,1999,1
2708,"Yemen, Republic of",YMN,2000,0
2709,"Yemen, Republic of",YMN,2001,1
2710,"Yemen, Republic of",YMN,2002,0
2711,"Yemen, Republic of",YMN,2003,0
2712,"Yemen, Republic of",YMN,2004,0
2713,"Yemen, Republic of",YMN,2005,0
2714,"Yemen, Republic of",YMN,2006,0
2715,"Yemen, Republic of",YMN,2007,0
2716,"Yemen, Republic of",YMN,2008,0
2717,"Yemen, Republic of",YMN,2009,0
2718,"Yemen, Republic of",YMN,2010,1
2719,"Yemen, Republic of",YMN,2011,0
2720,"Yemen, Republic of",YMN,2012,1
2721,"Yemen, Republic of",YMN,2013,0
2722,"Yemen, Republic of",YMN,2014,1
2723,"Yemen, Republic of",YMN,2015,0
2724,"Yemen, Republic of",YMN,2016,0
2725,"Yemen, Republic of",YMN,2017,0
2726,"Yemen, Republic of",YMN,2018,0
2727,"Yemen, Republic of",YMN,2019,0
2728,"Yemen, Republic of",YMN,2020,0
2729,"Yemen, Republic of",YMN,2021,0
2730,"Yemen, Republic of",YMN,2022,0
2731,Zambia,ZMB,1986,0
2732,Zambia,ZMB,1987,0
2733,Zambia,ZMB,1988,0
2734,Zambia,ZMB,1989,0
2735,Zambia,ZMB,1990,0
2736,Zambia,ZMB,1991,0
2737,Zambia,ZMB,1992,0
2738,Zambia,ZMB,1993,0
2739,Zambia,ZMB,1994,0
2740,Zambia,ZMB,1995,1
2741,Zambia,ZMB,1995,1
2742,Zambia,ZMB,1996,0
2743,Zambia,ZMB,1997,1
2744,Zambia,ZMB,1998,0
2745,Zambia,ZMB,1999,1
2746,Zambia,ZMB,2000,1
2747,Zambia,ZMB,2001,1
2748,Zambia,ZMB,2002,1
2749,Zambia,ZMB,2003,0
2750,Zambia,ZMB,2004,1
2751,Zambia,ZMB,2005,1
2752,Zambia,ZMB,2006,1
2753,Zambia,ZMB,2007,1
2754,Zambia,ZMB,2008,1
2755,Zambia,ZMB,2009,1
2756,Zambia,ZMB,2010,1
2757,Zambia,ZMB,2011,1
2758,Zambia,ZMB,2012,0
2759,Zambia,ZMB,2013,0
2760,Zambia,ZMB,2014,0
2761,Zambia,ZMB,2015,0
2762,Zambia,ZMB,2016,0
2763,Zambia,ZMB,2017,0
2764,Zambia,ZMB,2018,0
2765,Zambia,ZMB,2019,0
2766,Zambia,ZMB,2020,0
2767,Zambia,ZMB,2021,0
2768,Zambia,ZMB,2022,1
2769,Zimbabwe,ZWE,1986,0
2770,Zimbabwe,ZWE,1987,0
2771,Zimbabwe,ZWE,1988,0
2772,Zimbabwe,ZWE,1989,0
2773,Zimbabwe,ZWE,1990,0
2774,Zimbabwe,ZWE,1991,0
2775,Zimbabwe,ZWE,1992,1
2776,Zimbabwe,ZWE,1993,1
2777,Zimbabwe,ZWE,1994,1
2778,Zimbabwe,ZWE,1995,1
2779,Zimbabwe,ZWE,1996,0
2780,Zimbabwe,ZWE,1997,0
2781,Zimbabwe,ZWE,1998,0
2782,Zimbabwe,ZWE,1999,0
2783,Zimbabwe,ZWE,2000,0
2784,Zimbabwe,ZWE,2001,0
2785,Zimbabwe,ZWE,2002,0
2786,Zimbabwe,ZWE,2003,0
2787,Zimbabwe,ZWE,2004,0
2788,Zimbabwe,ZWE,2005,0
2789,Zimbabwe,ZWE,2006,0
2790,Zimbabwe,ZWE,2007,0
2791,Zimbabwe,ZWE,2008,0
2792,Zimbabwe,ZWE,2009,0
2793,Zimbabwe,ZWE,2010,0
2794,Zimbabwe,ZWE,2011,0
2795,Zimbabwe,ZWE,2012,0
2796,Zimbabwe,ZWE,2013,0
2797,Zimbabwe,ZWE,2014,0
2798,Zimbabwe,ZWE,2015,0
2799,Zimbabwe,ZWE,2016,0
2800,Zimbabwe,ZWE,2017,0
2801,Zimbabwe,ZWE,2018,0
2802,Zimbabwe,ZWE,2019,0
2803,Zimbabwe,ZWE,2020,0
2804,Zimbabwe,ZWE,2021,0
2805,Zimbabwe,ZWE,2022,0
